ADDR,DATA
0x000,0x91
0x001,0x8E
0x002,0x89
0x003,0x84
0x004,0x80
0x005,0x7D
0x006,0x7C
0x007,0x7D
0x008,0x81
0x009,0x86
0x00A,0x8C
0x00B,0x93
0x00C,0x99
0x00D,0x9E
0x00E,0xA1
0x00F,0xA3
0x010,0xA3
0x011,0xA2
0x012,0xA0
0x013,0x9D
0x014,0x9B
0x015,0x98
0x016,0x96
0x017,0x93
0x018,0x90
0x019,0x8D
0x01A,0x89
0x01B,0x85
0x01C,0x82
0x01D,0x80
0x01E,0x7F
0x01F,0x81
0x020,0x84
0x021,0x88
0x022,0x8C
0x023,0x91
0x024,0x95
0x025,0x98
0x026,0x9C
0x027,0x9E
0x028,0x9E
0x029,0x9D
0x02A,0x9B
0x02B,0x97
0x02C,0x94
0x02D,0x91
0x02E,0x90
0x02F,0x91
0x030,0x92
0x031,0x93
0x032,0x93
0x033,0x92
0x034,0x91
0x035,0x8F
0x036,0x8C
0x037,0x8B
0x038,0x8B
0x039,0x8C
0x03A,0x8F
0x03B,0x92
0x03C,0x96
0x03D,0x99
0x03E,0x9B
0x03F,0x9B
0x040,0x9A
0x041,0x99
0x042,0x97
0x043,0x97
0x044,0x97
0x045,0x97
0x046,0x97
0x047,0x96
0x048,0x95
0x049,0x93
0x04A,0x91
0x04B,0x8F
0x04C,0x8D
0x04D,0x8B
0x04E,0x89
0x04F,0x86
0x050,0x82
0x051,0x7E
0x052,0x7A
0x053,0x76
0x054,0x71
0x055,0x6C
0x056,0x67
0x057,0x60
0x058,0x5A
0x059,0x52
0x05A,0x4B
0x05B,0x44
0x05C,0x3D
0x05D,0x39
0x05E,0x37
0x05F,0x37
0x060,0x38
0x061,0x3B
0x062,0x3D
0x063,0x3E
0x064,0x40
0x065,0x41
0x066,0x42
0x067,0x43
0x068,0x45
0x069,0x49
0x06A,0x4D
0x06B,0x52
0x06C,0x58
0x06D,0x5E
0x06E,0x64
0x06F,0x6A
0x070,0x70
0x071,0x76
0x072,0x7C
0x073,0x83
0x074,0x89
0x075,0x8F
0x076,0x93
0x077,0x96
0x078,0x99
0x079,0x9B
0x07A,0x9C
0x07B,0x9E
0x07C,0x9F
0x07D,0x9F
0x07E,0x9F
0x07F,0x9E
0x080,0x9C
0x081,0x9B
0x082,0x9C
0x083,0x9E
0x084,0xA1
0x085,0xA4
0x086,0xA7
0x087,0xA9
0x088,0xA8
0x089,0xA6
0x08A,0xA4
0x08B,0xA0
0x08C,0x9D
0x08D,0x9A
0x08E,0x97
0x08F,0x95
0x090,0x94
0x091,0x94
0x092,0x95
0x093,0x96
0x094,0x97
0x095,0x98
0x096,0x98
0x097,0x99
0x098,0x99
0x099,0x9A
0x09A,0x9C
0x09B,0x9E
0x09C,0x9F
0x09D,0xA1
0x09E,0xA3
0x09F,0xA4
0x0A0,0xA3
0x0A1,0xA1
0x0A2,0x9D
0x0A3,0x98
0x0A4,0x91
0x0A5,0x8A
0x0A6,0x83
0x0A7,0x7D
0x0A8,0x77
0x0A9,0x71
0x0AA,0x6D
0x0AB,0x69
0x0AC,0x66
0x0AD,0x63
0x0AE,0x61
0x0AF,0x60
0x0B0,0x60
0x0B1,0x61
0x0B2,0x61
0x0B3,0x61
0x0B4,0x5E
0x0B5,0x5B
0x0B6,0x57
0x0B7,0x52
0x0B8,0x4F
0x0B9,0x4D
0x0BA,0x4D
0x0BB,0x4D
0x0BC,0x4D
0x0BD,0x4D
0x0BE,0x4E
0x0BF,0x4F
0x0C0,0x51
0x0C1,0x55
0x0C2,0x5B
0x0C3,0x61
0x0C4,0x67
0x0C5,0x6D
0x0C6,0x71
0x0C7,0x76
0x0C8,0x7A
0x0C9,0x7F
0x0CA,0x85
0x0CB,0x8C
0x0CC,0x94
0x0CD,0x9B
0x0CE,0xA1
0x0CF,0xA5
0x0D0,0xA6
0x0D1,0xA5
0x0D2,0xA0
0x0D3,0x99
0x0D4,0x91
0x0D5,0x88
0x0D6,0x80
0x0D7,0x78
0x0D8,0x72
0x0D9,0x6B
0x0DA,0x66
0x0DB,0x60
0x0DC,0x5C
0x0DD,0x5A
0x0DE,0x5A
0x0DF,0x5D
0x0E0,0x61
0x0E1,0x68
0x0E2,0x6F
0x0E3,0x76
0x0E4,0x7D
0x0E5,0x82
0x0E6,0x86
0x0E7,0x88
0x0E8,0x89
0x0E9,0x89
0x0EA,0x88
0x0EB,0x85
0x0EC,0x82
0x0ED,0x7F
0x0EE,0x7D
0x0EF,0x7D
0x0F0,0x7E
0x0F1,0x81
0x0F2,0x85
0x0F3,0x89
0x0F4,0x8C
0x0F5,0x8F
0x0F6,0x90
0x0F7,0x91
0x0F8,0x91
0x0F9,0x91
0x0FA,0x92
0x0FB,0x94
0x0FC,0x98
0x0FD,0x9D
0x0FE,0xA2
0x0FF,0xA7
0x100,0xAA
0x101,0xAC
0x102,0xAC
0x103,0xAA
0x104,0xA7
0x105,0xA4
0x106,0xA1
0x107,0x9F
0x108,0x9E
0x109,0x9E
0x10A,0x9E
0x10B,0x9E
0x10C,0x9D
0x10D,0x9B
0x10E,0x97
0x10F,0x92
0x110,0x8D
0x111,0x87
0x112,0x81
0x113,0x7C
0x114,0x79
0x115,0x78
0x116,0x7B
0x117,0x7F
0x118,0x84
0x119,0x89
0x11A,0x8D
0x11B,0x90
0x11C,0x93
0x11D,0x96
0x11E,0x99
0x11F,0x9C
0x120,0x9E
0x121,0x9F
0x122,0x9F
0x123,0x9E
0x124,0x9C
0x125,0x9A
0x126,0x97
0x127,0x94
0x128,0x8F
0x129,0x8B
0x12A,0x86
0x12B,0x82
0x12C,0x7E
0x12D,0x7D
0x12E,0x7D
0x12F,0x80
0x130,0x84
0x131,0x89
0x132,0x8E
0x133,0x92
0x134,0x96
0x135,0x97
0x136,0x97
0x137,0x96
0x138,0x94
0x139,0x93
0x13A,0x94
0x13B,0x94
0x13C,0x96
0x13D,0x97
0x13E,0x97
0x13F,0x96
0x140,0x93
0x141,0x90
0x142,0x8E
0x143,0x8C
0x144,0x8C
0x145,0x8B
0x146,0x8B
0x147,0x8C
0x148,0x8D
0x149,0x8E
0x14A,0x8F
0x14B,0x91
0x14C,0x93
0x14D,0x95
0x14E,0x97
0x14F,0x98
0x150,0x98
0x151,0x98
0x152,0x98
0x153,0x97
0x154,0x96
0x155,0x97
0x156,0x97
0x157,0x97
0x158,0x97
0x159,0x96
0x15A,0x94
0x15B,0x91
0x15C,0x8E
0x15D,0x8B
0x15E,0x88
0x15F,0x87
0x160,0x85
0x161,0x84
0x162,0x82
0x163,0x7E
0x164,0x7A
0x165,0x73
0x166,0x6B
0x167,0x62
0x168,0x59
0x169,0x51
0x16A,0x4B
0x16B,0x47
0x16C,0x44
0x16D,0x42
0x16E,0x40
0x16F,0x3E
0x170,0x3D
0x171,0x3C
0x172,0x3B
0x173,0x3B
0x174,0x3C
0x175,0x3D
0x176,0x3D
0x177,0x3E
0x178,0x3F
0x179,0x41
0x17A,0x45
0x17B,0x4B
0x17C,0x51
0x17D,0x57
0x17E,0x5D
0x17F,0x62
0x180,0x67
0x181,0x6D
0x182,0x72
0x183,0x79
0x184,0x80
0x185,0x87
0x186,0x8C
0x187,0x91
0x188,0x94
0x189,0x96
0x18A,0x97
0x18B,0x96
0x18C,0x95
0x18D,0x95
0x18E,0x95
0x18F,0x96
0x190,0x98
0x191,0x9A
0x192,0x9D
0x193,0xA0
0x194,0xA3
0x195,0xA5
0x196,0xA5
0x197,0xA5
0x198,0xA3
0x199,0xA1
0x19A,0x9E
0x19B,0x9C
0x19C,0x99
0x19D,0x98
0x19E,0x96
0x19F,0x96
0x1A0,0x96
0x1A1,0x95
0x1A2,0x95
0x1A3,0x94
0x1A4,0x92
0x1A5,0x91
0x1A6,0x91
0x1A7,0x92
0x1A8,0x95
0x1A9,0x98
0x1AA,0x9C
0x1AB,0x9F
0x1AC,0xA1
0x1AD,0xA2
0x1AE,0xA3
0x1AF,0xA2
0x1B0,0xA2
0x1B1,0xA0
0x1B2,0x9E
0x1B3,0x9A
0x1B4,0x95
0x1B5,0x8E
0x1B6,0x86
0x1B7,0x7E
0x1B8,0x77
0x1B9,0x72
0x1BA,0x6F
0x1BB,0x6D
0x1BC,0x6C
0x1BD,0x6B
0x1BE,0x69
0x1BF,0x67
0x1C0,0x64
0x1C1,0x63
0x1C2,0x61
0x1C3,0x60
0x1C4,0x5E
0x1C5,0x5B
0x1C6,0x58
0x1C7,0x55
0x1C8,0x51
0x1C9,0x4E
0x1CA,0x4B
0x1CB,0x49
0x1CC,0x48
0x1CD,0x4A
0x1CE,0x4C
0x1CF,0x4F
0x1D0,0x52
0x1D1,0x55
0x1D2,0x56
0x1D3,0x58
0x1D4,0x5A
0x1D5,0x5D
0x1D6,0x62
0x1D7,0x6A
0x1D8,0x72
0x1D9,0x7B
0x1DA,0x84
0x1DB,0x8B
0x1DC,0x92
0x1DD,0x97
0x1DE,0x9B
0x1DF,0x9E
0x1E0,0xA0
0x1E1,0xA0
0x1E2,0x9F
0x1E3,0x9B
0x1E4,0x95
0x1E5,0x8D
0x1E6,0x84
0x1E7,0x7B
0x1E8,0x72
0x1E9,0x6B
0x1EA,0x64
0x1EB,0x5F
0x1EC,0x5C
0x1ED,0x5A
0x1EE,0x5B
0x1EF,0x5D
0x1F0,0x61
0x1F1,0x67
0x1F2,0x6D
0x1F3,0x74
0x1F4,0x7A
0x1F5,0x7F
0x1F6,0x81
0x1F7,0x82
0x1F8,0x81
0x1F9,0x7F
0x1FA,0x7C
0x1FB,0x7A
0x1FC,0x7A
0x1FD,0x7A
0x1FE,0x7C
0x1FF,0x80
0x200,0x91
0x201,0x8E
0x202,0x89
0x203,0x84
0x204,0x80
0x205,0x7D
0x206,0x7C
0x207,0x7D
0x208,0x81
0x209,0x86
0x20A,0x8C
0x20B,0x93
0x20C,0x99
0x20D,0x9E
0x20E,0xA1
0x20F,0xA3
0x210,0xA3
0x211,0xA2
0x212,0xA0
0x213,0x9D
0x214,0x9B
0x215,0x98
0x216,0x96
0x217,0x93
0x218,0x90
0x219,0x8D
0x21A,0x89
0x21B,0x85
0x21C,0x82
0x21D,0x80
0x21E,0x7F
0x21F,0x81
0x220,0x84
0x221,0x88
0x222,0x8C
0x223,0x91
0x224,0x95
0x225,0x98
0x226,0x9C
0x227,0x9E
0x228,0x9E
0x229,0x9D
0x22A,0x9B
0x22B,0x97
0x22C,0x94
0x22D,0x91
0x22E,0x90
0x22F,0x91
0x230,0x92
0x231,0x93
0x232,0x93
0x233,0x92
0x234,0x91
0x235,0x8F
0x236,0x8C
0x237,0x8B
0x238,0x8B
0x239,0x8C
0x23A,0x8F
0x23B,0x92
0x23C,0x96
0x23D,0x99
0x23E,0x9B
0x23F,0x9B
0x240,0x9A
0x241,0x99
0x242,0x97
0x243,0x97
0x244,0x97
0x245,0x97
0x246,0x97
0x247,0x96
0x248,0x95
0x249,0x93
0x24A,0x91
0x24B,0x8F
0x24C,0x8D
0x24D,0x8B
0x24E,0x89
0x24F,0x86
0x250,0x82
0x251,0x7E
0x252,0x7A
0x253,0x76
0x254,0x71
0x255,0x6C
0x256,0x67
0x257,0x60
0x258,0x5A
0x259,0x52
0x25A,0x4B
0x25B,0x44
0x25C,0x3D
0x25D,0x39
0x25E,0x37
0x25F,0x37
0x260,0x38
0x261,0x3B
0x262,0x3D
0x263,0x3E
0x264,0x40
0x265,0x41
0x266,0x42
0x267,0x43
0x268,0x45
0x269,0x49
0x26A,0x4D
0x26B,0x52
0x26C,0x58
0x26D,0x5E
0x26E,0x64
0x26F,0x6A
0x270,0x70
0x271,0x76
0x272,0x7C
0x273,0x83
0x274,0x89
0x275,0x8F
0x276,0x93
0x277,0x96
0x278,0x99
0x279,0x9B
0x27A,0x9C
0x27B,0x9E
0x27C,0x9F
0x27D,0x9F
0x27E,0x9F
0x27F,0x9E
0x280,0x9C
0x281,0x9B
0x282,0x9C
0x283,0x9E
0x284,0xA1
0x285,0xA4
0x286,0xA7
0x287,0xA9
0x288,0xA8
0x289,0xA6
0x28A,0xA4
0x28B,0xA0
0x28C,0x9D
0x28D,0x9A
0x28E,0x97
0x28F,0x95
0x290,0x94
0x291,0x94
0x292,0x95
0x293,0x96
0x294,0x97
0x295,0x98
0x296,0x98
0x297,0x99
0x298,0x99
0x299,0x9A
0x29A,0x9C
0x29B,0x9E
0x29C,0x9F
0x29D,0xA1
0x29E,0xA3
0x29F,0xA4
0x2A0,0xA3
0x2A1,0xA1
0x2A2,0x9D
0x2A3,0x98
0x2A4,0x91
0x2A5,0x8A
0x2A6,0x83
0x2A7,0x7D
0x2A8,0x77
0x2A9,0x71
0x2AA,0x6D
0x2AB,0x69
0x2AC,0x66
0x2AD,0x63
0x2AE,0x61
0x2AF,0x60
0x2B0,0x60
0x2B1,0x61
0x2B2,0x61
0x2B3,0x61
0x2B4,0x5E
0x2B5,0x5B
0x2B6,0x57
0x2B7,0x52
0x2B8,0x4F
0x2B9,0x4D
0x2BA,0x4D
0x2BB,0x4D
0x2BC,0x4D
0x2BD,0x4D
0x2BE,0x4E
0x2BF,0x4F
0x2C0,0x51
0x2C1,0x55
0x2C2,0x5B
0x2C3,0x61
0x2C4,0x67
0x2C5,0x6D
0x2C6,0x71
0x2C7,0x76
0x2C8,0x7A
0x2C9,0x7F
0x2CA,0x85
0x2CB,0x8C
0x2CC,0x94
0x2CD,0x9B
0x2CE,0xA1
0x2CF,0xA5
0x2D0,0xA6
0x2D1,0xA5
0x2D2,0xA0
0x2D3,0x99
0x2D4,0x91
0x2D5,0x88
0x2D6,0x80
0x2D7,0x78
0x2D8,0x72
0x2D9,0x6B
0x2DA,0x66
0x2DB,0x60
0x2DC,0x5C
0x2DD,0x5A
0x2DE,0x5A
0x2DF,0x5D
0x2E0,0x61
0x2E1,0x68
0x2E2,0x6F
0x2E3,0x76
0x2E4,0x7D
0x2E5,0x82
0x2E6,0x86
0x2E7,0x88
0x2E8,0x89
0x2E9,0x89
0x2EA,0x88
0x2EB,0x85
0x2EC,0x82
0x2ED,0x7F
0x2EE,0x7D
0x2EF,0x7D
0x2F0,0x7E
0x2F1,0x81
0x2F2,0x85
0x2F3,0x89
0x2F4,0x8C
0x2F5,0x8F
0x2F6,0x90
0x2F7,0x91
0x2F8,0x91
0x2F9,0x91
0x2FA,0x92
0x2FB,0x94
0x2FC,0x98
0x2FD,0x9D
0x2FE,0xA2
0x2FF,0xA7
0x300,0xAA
0x301,0xAC
0x302,0xAC
0x303,0xAA
0x304,0xA7
0x305,0xA4
0x306,0xA1
0x307,0x9F
0x308,0x9E
0x309,0x9E
0x30A,0x9E
0x30B,0x9E
0x30C,0x9D
0x30D,0x9B
0x30E,0x97
0x30F,0x92
0x310,0x8D
0x311,0x87
0x312,0x81
0x313,0x7C
0x314,0x79
0x315,0x78
0x316,0x7B
0x317,0x7F
0x318,0x84
0x319,0x89
0x31A,0x8D
0x31B,0x90
0x31C,0x93
0x31D,0x96
0x31E,0x99
0x31F,0x9C
0x320,0x9E
0x321,0x9F
0x322,0x9F
0x323,0x9E
0x324,0x9C
0x325,0x9A
0x326,0x97
0x327,0x94
0x328,0x8F
0x329,0x8B
0x32A,0x86
0x32B,0x82
0x32C,0x7E
0x32D,0x7D
0x32E,0x7D
0x32F,0x80
0x330,0x84
0x331,0x89
0x332,0x8E
0x333,0x92
0x334,0x96
0x335,0x97
0x336,0x97
0x337,0x96
0x338,0x94
0x339,0x93
0x33A,0x94
0x33B,0x94
0x33C,0x96
0x33D,0x97
0x33E,0x97
0x33F,0x96
0x340,0x93
0x341,0x90
0x342,0x8E
0x343,0x8C
0x344,0x8C
0x345,0x8B
0x346,0x8B
0x347,0x8C
0x348,0x8D
0x349,0x8E
0x34A,0x8F
0x34B,0x91
0x34C,0x93
0x34D,0x95
0x34E,0x97
0x34F,0x98
0x350,0x98
0x351,0x98
0x352,0x98
0x353,0x97
0x354,0x96
0x355,0x97
0x356,0x97
0x357,0x97
0x358,0x97
0x359,0x96
0x35A,0x94
0x35B,0x91
0x35C,0x8E
0x35D,0x8B
0x35E,0x88
0x35F,0x87
0x360,0x85
0x361,0x84
0x362,0x82
0x363,0x7E
0x364,0x7A
0x365,0x73
0x366,0x6B
0x367,0x62
0x368,0x59
0x369,0x51
0x36A,0x4B
0x36B,0x47
0x36C,0x44
0x36D,0x42
0x36E,0x40
0x36F,0x3E
0x370,0x3D
0x371,0x3C
0x372,0x3B
0x373,0x3B
0x374,0x3C
0x375,0x3D
0x376,0x3D
0x377,0x3E
0x378,0x3F
0x379,0x41
0x37A,0x45
0x37B,0x4B
0x37C,0x51
0x37D,0x57
0x37E,0x5D
0x37F,0x62
0x380,0x67
0x381,0x6D
0x382,0x72
0x383,0x79
0x384,0x80
0x385,0x87
0x386,0x8C
0x387,0x91
0x388,0x94
0x389,0x96
0x38A,0x97
0x38B,0x96
0x38C,0x95
0x38D,0x95
0x38E,0x95
0x38F,0x96
0x390,0x98
0x391,0x9A
0x392,0x9D
0x393,0xA0
0x394,0xA3
0x395,0xA5
0x396,0xA5
0x397,0xA5
0x398,0xA3
0x399,0xA1
0x39A,0x9E
0x39B,0x9C
0x39C,0x99
0x39D,0x98
0x39E,0x96
0x39F,0x96
0x3A0,0x96
0x3A1,0x95
0x3A2,0x95
0x3A3,0x94
0x3A4,0x92
0x3A5,0x91
0x3A6,0x91
0x3A7,0x92
0x3A8,0x95
0x3A9,0x98
0x3AA,0x9C
0x3AB,0x9F
0x3AC,0xA1
0x3AD,0xA2
0x3AE,0xA3
0x3AF,0xA2
0x3B0,0xA2
0x3B1,0xA0
0x3B2,0x9E
0x3B3,0x9A
0x3B4,0x95
0x3B5,0x8E
0x3B6,0x86
0x3B7,0x7E
0x3B8,0x77
0x3B9,0x72
0x3BA,0x6F
0x3BB,0x6D
0x3BC,0x6C
0x3BD,0x6B
0x3BE,0x69
0x3BF,0x67
0x3C0,0x64
0x3C1,0x63
0x3C2,0x61
0x3C3,0x60
0x3C4,0x5E
0x3C5,0x5B
0x3C6,0x58
0x3C7,0x55
0x3C8,0x51
0x3C9,0x4E
0x3CA,0x4B
0x3CB,0x49
0x3CC,0x48
0x3CD,0x4A
0x3CE,0x4C
0x3CF,0x4F
0x3D0,0x52
0x3D1,0x55
0x3D2,0x56
0x3D3,0x58
0x3D4,0x5A
0x3D5,0x5D
0x3D6,0x62
0x3D7,0x6A
0x3D8,0x72
0x3D9,0x7B
0x3DA,0x84
0x3DB,0x8B
0x3DC,0x92
0x3DD,0x97
0x3DE,0x9B
0x3DF,0x9E
0x3E0,0xA0
0x3E1,0xA0
0x3E2,0x9F
0x3E3,0x9B
0x3E4,0x95
0x3E5,0x8D
0x3E6,0x84
0x3E7,0x7B
0x3E8,0x72
0x3E9,0x6B
0x3EA,0x64
0x3EB,0x5F
0x3EC,0x5C
0x3ED,0x5A
0x3EE,0x5B
0x3EF,0x5D
0x3F0,0x61
0x3F1,0x67
0x3F2,0x6D
0x3F3,0x74
0x3F4,0x7A
0x3F5,0x7F
0x3F6,0x81
0x3F7,0x82
0x3F8,0x81
0x3F9,0x7F
0x3FA,0x7C
0x3FB,0x7A
0x3FC,0x7A
0x3FD,0x7A
0x3FE,0x7C
0x3FF,0x80
0x400,0xA1
0x401,0xA3
0x402,0xA2
0x403,0x9E
0x404,0x97
0x405,0x8F
0x406,0x86
0x407,0x7D
0x408,0x74
0x409,0x6C
0x40A,0x67
0x40B,0x64
0x40C,0x64
0x40D,0x65
0x40E,0x68
0x40F,0x6A
0x410,0x6C
0x411,0x6D
0x412,0x6D
0x413,0x6D
0x414,0x6C
0x415,0x6D
0x416,0x6E
0x417,0x71
0x418,0x74
0x419,0x78
0x41A,0x7B
0x41B,0x7E
0x41C,0x7E
0x41D,0x7E
0x41E,0x7C
0x41F,0x7A
0x420,0x79
0x421,0x78
0x422,0x78
0x423,0x7A
0x424,0x7C
0x425,0x7E
0x426,0x81
0x427,0x84
0x428,0x88
0x429,0x8A
0x42A,0x8D
0x42B,0x90
0x42C,0x91
0x42D,0x92
0x42E,0x93
0x42F,0x93
0x430,0x94
0x431,0x96
0x432,0x99
0x433,0x9E
0x434,0xA3
0x435,0xA7
0x436,0xAA
0x437,0xAA
0x438,0xA8
0x439,0xA5
0x43A,0xA1
0x43B,0x9D
0x43C,0x99
0x43D,0x96
0x43E,0x94
0x43F,0x91
0x440,0x8E
0x441,0x89
0x442,0x84
0x443,0x7F
0x444,0x7B
0x445,0x78
0x446,0x76
0x447,0x77
0x448,0x79
0x449,0x7D
0x44A,0x82
0x44B,0x87
0x44C,0x8D
0x44D,0x92
0x44E,0x96
0x44F,0x99
0x450,0x9B
0x451,0x9C
0x452,0x9C
0x453,0x9B
0x454,0x98
0x455,0x95
0x456,0x91
0x457,0x8E
0x458,0x8B
0x459,0x8A
0x45A,0x89
0x45B,0x89
0x45C,0x88
0x45D,0x87
0x45E,0x85
0x45F,0x83
0x460,0x82
0x461,0x83
0x462,0x85
0x463,0x88
0x464,0x8C
0x465,0x8F
0x466,0x91
0x467,0x93
0x468,0x93
0x469,0x93
0x46A,0x92
0x46B,0x92
0x46C,0x93
0x46D,0x93
0x46E,0x94
0x46F,0x93
0x470,0x93
0x471,0x92
0x472,0x91
0x473,0x90
0x474,0x8E
0x475,0x8D
0x476,0x8C
0x477,0x8B
0x478,0x8B
0x479,0x8B
0x47A,0x8C
0x47B,0x8E
0x47C,0x90
0x47D,0x93
0x47E,0x96
0x47F,0x97
0x480,0x98
0x481,0x98
0x482,0x97
0x483,0x96
0x484,0x95
0x485,0x94
0x486,0x94
0x487,0x95
0x488,0x97
0x489,0x99
0x48A,0x9A
0x48B,0x9B
0x48C,0x9B
0x48D,0x9A
0x48E,0x98
0x48F,0x96
0x490,0x92
0x491,0x8F
0x492,0x8C
0x493,0x88
0x494,0x83
0x495,0x7E
0x496,0x79
0x497,0x74
0x498,0x6E
0x499,0x69
0x49A,0x64
0x49B,0x5E
0x49C,0x59
0x49D,0x54
0x49E,0x4F
0x49F,0x4C
0x4A0,0x4A
0x4A1,0x49
0x4A2,0x48
0x4A3,0x46
0x4A4,0x42
0x4A5,0x3E
0x4A6,0x3A
0x4A7,0x37
0x4A8,0x35
0x4A9,0x36
0x4AA,0x38
0x4AB,0x3D
0x4AC,0x42
0x4AD,0x48
0x4AE,0x4E
0x4AF,0x53
0x4B0,0x58
0x4B1,0x5E
0x4B2,0x63
0x4B3,0x68
0x4B4,0x6D
0x4B5,0x71
0x4B6,0x75
0x4B7,0x78
0x4B8,0x7B
0x4B9,0x7D
0x4BA,0x80
0x4BB,0x82
0x4BC,0x85
0x4BD,0x89
0x4BE,0x8D
0x4BF,0x91
0x4C0,0x94
0x4C1,0x96
0x4C2,0x96
0x4C3,0x97
0x4C4,0x97
0x4C5,0x98
0x4C6,0x9A
0x4C7,0x9D
0x4C8,0x9F
0x4C9,0xA0
0x4CA,0xA0
0x4CB,0x9F
0x4CC,0x9C
0x4CD,0x98
0x4CE,0x95
0x4CF,0x92
0x4D0,0x90
0x4D1,0x8F
0x4D2,0x8E
0x4D3,0x8D
0x4D4,0x8C
0x4D5,0x8B
0x4D6,0x8B
0x4D7,0x8C
0x4D8,0x90
0x4D9,0x94
0x4DA,0x99
0x4DB,0x9D
0x4DC,0xA1
0x4DD,0xA4
0x4DE,0xA5
0x4DF,0xA4
0x4E0,0xA2
0x4E1,0x9F
0x4E2,0x9B
0x4E3,0x97
0x4E4,0x94
0x4E5,0x91
0x4E6,0x8E
0x4E7,0x8C
0x4E8,0x89
0x4E9,0x87
0x4EA,0x83
0x4EB,0x80
0x4EC,0x7D
0x4ED,0x7B
0x4EE,0x78
0x4EF,0x76
0x4F0,0x73
0x4F1,0x70
0x4F2,0x6C
0x4F3,0x68
0x4F4,0x65
0x4F5,0x63
0x4F6,0x61
0x4F7,0x60
0x4F8,0x5E
0x4F9,0x5B
0x4FA,0x58
0x4FB,0x54
0x4FC,0x51
0x4FD,0x4F
0x4FE,0x4D
0x4FF,0x4B
0x500,0x4A
0x501,0x49
0x502,0x49
0x503,0x4A
0x504,0x4C
0x505,0x4F
0x506,0x53
0x507,0x58
0x508,0x5E
0x509,0x65
0x50A,0x6D
0x50B,0x77
0x50C,0x81
0x50D,0x8B
0x50E,0x95
0x50F,0x9C
0x510,0xA1
0x511,0xA2
0x512,0x9F
0x513,0x9A
0x514,0x92
0x515,0x89
0x516,0x81
0x517,0x7B
0x518,0x76
0x519,0x73
0x51A,0x72
0x51B,0x70
0x51C,0x6F
0x51D,0x6D
0x51E,0x6B
0x51F,0x69
0x520,0x66
0x521,0x65
0x522,0x65
0x523,0x67
0x524,0x6A
0x525,0x6D
0x526,0x70
0x527,0x73
0x528,0x75
0x529,0x77
0x52A,0x78
0x52B,0x79
0x52C,0x79
0x52D,0x78
0x52E,0x77
0x52F,0x76
0x530,0x75
0x531,0x74
0x532,0x75
0x533,0x77
0x534,0x7B
0x535,0x80
0x536,0x84
0x537,0x86
0x538,0x87
0x539,0x86
0x53A,0x85
0x53B,0x85
0x53C,0x85
0x53D,0x88
0x53E,0x8B
0x53F,0x90
0x540,0x95
0x541,0x99
0x542,0x9D
0x543,0x9F
0x544,0xA1
0x545,0xA2
0x546,0xA3
0x547,0xA3
0x548,0xA3
0x549,0xA3
0x54A,0xA2
0x54B,0xA2
0x54C,0xA0
0x54D,0x9C
0x54E,0x97
0x54F,0x92
0x550,0x8C
0x551,0x86
0x552,0x81
0x553,0x7D
0x554,0x79
0x555,0x76
0x556,0x75
0x557,0x75
0x558,0x77
0x559,0x7B
0x55A,0x81
0x55B,0x87
0x55C,0x8C
0x55D,0x90
0x55E,0x93
0x55F,0x94
0x560,0x94
0x561,0x94
0x562,0x94
0x563,0x95
0x564,0x95
0x565,0x94
0x566,0x93
0x567,0x91
0x568,0x8E
0x569,0x8B
0x56A,0x87
0x56B,0x84
0x56C,0x83
0x56D,0x81
0x56E,0x81
0x56F,0x82
0x570,0x82
0x571,0x84
0x572,0x85
0x573,0x86
0x574,0x88
0x575,0x8A
0x576,0x8B
0x577,0x8D
0x578,0x8E
0x579,0x8F
0x57A,0x8F
0x57B,0x90
0x57C,0x91
0x57D,0x91
0x57E,0x91
0x57F,0x92
0x580,0x91
0x581,0x90
0x582,0x8E
0x583,0x8C
0x584,0x8A
0x585,0x88
0x586,0x86
0x587,0x86
0x588,0x87
0x589,0x8A
0x58A,0x8C
0x58B,0x8F
0x58C,0x91
0x58D,0x92
0x58E,0x92
0x58F,0x92
0x590,0x92
0x591,0x92
0x592,0x91
0x593,0x91
0x594,0x92
0x595,0x92
0x596,0x93
0x597,0x95
0x598,0x97
0x599,0x99
0x59A,0x9B
0x59B,0x9B
0x59C,0x9A
0x59D,0x98
0x59E,0x96
0x59F,0x93
0x5A0,0x91
0x5A1,0x90
0x5A2,0x8F
0x5A3,0x8C
0x5A4,0x88
0x5A5,0x83
0x5A6,0x7D
0x5A7,0x76
0x5A8,0x6F
0x5A9,0x69
0x5AA,0x64
0x5AB,0x60
0x5AC,0x5E
0x5AD,0x5B
0x5AE,0x59
0x5AF,0x56
0x5B0,0x52
0x5B1,0x4D
0x5B2,0x48
0x5B3,0x43
0x5B4,0x3E
0x5B5,0x3A
0x5B6,0x38
0x5B7,0x36
0x5B8,0x35
0x5B9,0x35
0x5BA,0x36
0x5BB,0x38
0x5BC,0x3C
0x5BD,0x41
0x5BE,0x47
0x5BF,0x4D
0x5C0,0x53
0x5C1,0x58
0x5C2,0x5C
0x5C3,0x5F
0x5C4,0x62
0x5C5,0x64
0x5C6,0x67
0x5C7,0x6C
0x5C8,0x71
0x5C9,0x76
0x5CA,0x7B
0x5CB,0x7E
0x5CC,0x81
0x5CD,0x82
0x5CE,0x84
0x5CF,0x85
0x5D0,0x88
0x5D1,0x8B
0x5D2,0x8E
0x5D3,0x91
0x5D4,0x94
0x5D5,0x96
0x5D6,0x97
0x5D7,0x98
0x5D8,0x99
0x5D9,0x99
0x5DA,0x99
0x5DB,0x99
0x5DC,0x98
0x5DD,0x96
0x5DE,0x94
0x5DF,0x90
0x5E0,0x8D
0x5E1,0x89
0x5E2,0x85
0x5E3,0x83
0x5E4,0x82
0x5E5,0x84
0x5E6,0x87
0x5E7,0x8B
0x5E8,0x8F
0x5E9,0x92
0x5EA,0x95
0x5EB,0x98
0x5EC,0x9A
0x5ED,0x9C
0x5EE,0x9D
0x5EF,0x9D
0x5F0,0x9C
0x5F1,0x9A
0x5F2,0x97
0x5F3,0x95
0x5F4,0x92
0x5F5,0x90
0x5F6,0x8E
0x5F7,0x8C
0x5F8,0x8A
0x5F9,0x87
0x5FA,0x84
0x5FB,0x81
0x5FC,0x7E
0x5FD,0x7B
0x5FE,0x78
0x5FF,0x75
0x600,0xA1
0x601,0xA3
0x602,0xA2
0x603,0x9E
0x604,0x97
0x605,0x8F
0x606,0x86
0x607,0x7D
0x608,0x74
0x609,0x6C
0x60A,0x67
0x60B,0x64
0x60C,0x64
0x60D,0x65
0x60E,0x68
0x60F,0x6A
0x610,0x6C
0x611,0x6D
0x612,0x6D
0x613,0x6D
0x614,0x6C
0x615,0x6D
0x616,0x6E
0x617,0x71
0x618,0x74
0x619,0x78
0x61A,0x7B
0x61B,0x7E
0x61C,0x7E
0x61D,0x7E
0x61E,0x7C
0x61F,0x7A
0x620,0x79
0x621,0x78
0x622,0x78
0x623,0x7A
0x624,0x7C
0x625,0x7E
0x626,0x81
0x627,0x84
0x628,0x88
0x629,0x8A
0x62A,0x8D
0x62B,0x90
0x62C,0x91
0x62D,0x92
0x62E,0x93
0x62F,0x93
0x630,0x94
0x631,0x96
0x632,0x99
0x633,0x9E
0x634,0xA3
0x635,0xA7
0x636,0xAA
0x637,0xAA
0x638,0xA8
0x639,0xA5
0x63A,0xA1
0x63B,0x9D
0x63C,0x99
0x63D,0x96
0x63E,0x94
0x63F,0x91
0x640,0x8E
0x641,0x89
0x642,0x84
0x643,0x7F
0x644,0x7B
0x645,0x78
0x646,0x76
0x647,0x77
0x648,0x79
0x649,0x7D
0x64A,0x82
0x64B,0x87
0x64C,0x8D
0x64D,0x92
0x64E,0x96
0x64F,0x99
0x650,0x9B
0x651,0x9C
0x652,0x9C
0x653,0x9B
0x654,0x98
0x655,0x95
0x656,0x91
0x657,0x8E
0x658,0x8B
0x659,0x8A
0x65A,0x89
0x65B,0x89
0x65C,0x88
0x65D,0x87
0x65E,0x85
0x65F,0x83
0x660,0x82
0x661,0x83
0x662,0x85
0x663,0x88
0x664,0x8C
0x665,0x8F
0x666,0x91
0x667,0x93
0x668,0x93
0x669,0x93
0x66A,0x92
0x66B,0x92
0x66C,0x93
0x66D,0x93
0x66E,0x94
0x66F,0x93
0x670,0x93
0x671,0x92
0x672,0x91
0x673,0x90
0x674,0x8E
0x675,0x8D
0x676,0x8C
0x677,0x8B
0x678,0x8B
0x679,0x8B
0x67A,0x8C
0x67B,0x8E
0x67C,0x90
0x67D,0x93
0x67E,0x96
0x67F,0x97
0x680,0x98
0x681,0x98
0x682,0x97
0x683,0x96
0x684,0x95
0x685,0x94
0x686,0x94
0x687,0x95
0x688,0x97
0x689,0x99
0x68A,0x9A
0x68B,0x9B
0x68C,0x9B
0x68D,0x9A
0x68E,0x98
0x68F,0x96
0x690,0x92
0x691,0x8F
0x692,0x8C
0x693,0x88
0x694,0x83
0x695,0x7E
0x696,0x79
0x697,0x74
0x698,0x6E
0x699,0x69
0x69A,0x64
0x69B,0x5E
0x69C,0x59
0x69D,0x54
0x69E,0x4F
0x69F,0x4C
0x6A0,0x4A
0x6A1,0x49
0x6A2,0x48
0x6A3,0x46
0x6A4,0x42
0x6A5,0x3E
0x6A6,0x3A
0x6A7,0x37
0x6A8,0x35
0x6A9,0x36
0x6AA,0x38
0x6AB,0x3D
0x6AC,0x42
0x6AD,0x48
0x6AE,0x4E
0x6AF,0x53
0x6B0,0x58
0x6B1,0x5E
0x6B2,0x63
0x6B3,0x68
0x6B4,0x6D
0x6B5,0x71
0x6B6,0x75
0x6B7,0x78
0x6B8,0x7B
0x6B9,0x7D
0x6BA,0x80
0x6BB,0x82
0x6BC,0x85
0x6BD,0x89
0x6BE,0x8D
0x6BF,0x91
0x6C0,0x94
0x6C1,0x96
0x6C2,0x96
0x6C3,0x97
0x6C4,0x97
0x6C5,0x98
0x6C6,0x9A
0x6C7,0x9D
0x6C8,0x9F
0x6C9,0xA0
0x6CA,0xA0
0x6CB,0x9F
0x6CC,0x9C
0x6CD,0x98
0x6CE,0x95
0x6CF,0x92
0x6D0,0x90
0x6D1,0x8F
0x6D2,0x8E
0x6D3,0x8D
0x6D4,0x8C
0x6D5,0x8B
0x6D6,0x8B
0x6D7,0x8C
0x6D8,0x90
0x6D9,0x94
0x6DA,0x99
0x6DB,0x9D
0x6DC,0xA1
0x6DD,0xA4
0x6DE,0xA5
0x6DF,0xA4
0x6E0,0xA2
0x6E1,0x9F
0x6E2,0x9B
0x6E3,0x97
0x6E4,0x94
0x6E5,0x91
0x6E6,0x8E
0x6E7,0x8C
0x6E8,0x89
0x6E9,0x87
0x6EA,0x83
0x6EB,0x80
0x6EC,0x7D
0x6ED,0x7B
0x6EE,0x78
0x6EF,0x76
0x6F0,0x73
0x6F1,0x70
0x6F2,0x6C
0x6F3,0x68
0x6F4,0x65
0x6F5,0x63
0x6F6,0x61
0x6F7,0x60
0x6F8,0x5E
0x6F9,0x5B
0x6FA,0x58
0x6FB,0x54
0x6FC,0x51
0x6FD,0x4F
0x6FE,0x4D
0x6FF,0x4B
0x700,0x4A
0x701,0x49
0x702,0x49
0x703,0x4A
0x704,0x4C
0x705,0x4F
0x706,0x53
0x707,0x58
0x708,0x5E
0x709,0x65
0x70A,0x6D
0x70B,0x77
0x70C,0x81
0x70D,0x8B
0x70E,0x95
0x70F,0x9C
0x710,0xA1
0x711,0xA2
0x712,0x9F
0x713,0x9A
0x714,0x92
0x715,0x89
0x716,0x81
0x717,0x7B
0x718,0x76
0x719,0x73
0x71A,0x72
0x71B,0x70
0x71C,0x6F
0x71D,0x6D
0x71E,0x6B
0x71F,0x69
0x720,0x66
0x721,0x65
0x722,0x65
0x723,0x67
0x724,0x6A
0x725,0x6D
0x726,0x70
0x727,0x73
0x728,0x75
0x729,0x77
0x72A,0x78
0x72B,0x79
0x72C,0x79
0x72D,0x78
0x72E,0x77
0x72F,0x76
0x730,0x75
0x731,0x74
0x732,0x75
0x733,0x77
0x734,0x7B
0x735,0x80
0x736,0x84
0x737,0x86
0x738,0x87
0x739,0x86
0x73A,0x85
0x73B,0x85
0x73C,0x85
0x73D,0x88
0x73E,0x8B
0x73F,0x90
0x740,0x95
0x741,0x99
0x742,0x9D
0x743,0x9F
0x744,0xA1
0x745,0xA2
0x746,0xA3
0x747,0xA3
0x748,0xA3
0x749,0xA3
0x74A,0xA2
0x74B,0xA2
0x74C,0xA0
0x74D,0x9C
0x74E,0x97
0x74F,0x92
0x750,0x8C
0x751,0x86
0x752,0x81
0x753,0x7D
0x754,0x79
0x755,0x76
0x756,0x75
0x757,0x75
0x758,0x77
0x759,0x7B
0x75A,0x81
0x75B,0x87
0x75C,0x8C
0x75D,0x90
0x75E,0x93
0x75F,0x94
0x760,0x94
0x761,0x94
0x762,0x94
0x763,0x95
0x764,0x95
0x765,0x94
0x766,0x93
0x767,0x91
0x768,0x8E
0x769,0x8B
0x76A,0x87
0x76B,0x84
0x76C,0x83
0x76D,0x81
0x76E,0x81
0x76F,0x82
0x770,0x82
0x771,0x84
0x772,0x85
0x773,0x86
0x774,0x88
0x775,0x8A
0x776,0x8B
0x777,0x8D
0x778,0x8E
0x779,0x8F
0x77A,0x8F
0x77B,0x90
0x77C,0x91
0x77D,0x91
0x77E,0x91
0x77F,0x92
0x780,0x91
0x781,0x90
0x782,0x8E
0x783,0x8C
0x784,0x8A
0x785,0x88
0x786,0x86
0x787,0x86
0x788,0x87
0x789,0x8A
0x78A,0x8C
0x78B,0x8F
0x78C,0x91
0x78D,0x92
0x78E,0x92
0x78F,0x92
0x790,0x92
0x791,0x92
0x792,0x91
0x793,0x91
0x794,0x92
0x795,0x92
0x796,0x93
0x797,0x95
0x798,0x97
0x799,0x99
0x79A,0x9B
0x79B,0x9B
0x79C,0x9A
0x79D,0x98
0x79E,0x96
0x79F,0x93
0x7A0,0x91
0x7A1,0x90
0x7A2,0x8F
0x7A3,0x8C
0x7A4,0x88
0x7A5,0x83
0x7A6,0x7D
0x7A7,0x76
0x7A8,0x6F
0x7A9,0x69
0x7AA,0x64
0x7AB,0x60
0x7AC,0x5E
0x7AD,0x5B
0x7AE,0x59
0x7AF,0x56
0x7B0,0x52
0x7B1,0x4D
0x7B2,0x48
0x7B3,0x43
0x7B4,0x3E
0x7B5,0x3A
0x7B6,0x38
0x7B7,0x36
0x7B8,0x35
0x7B9,0x35
0x7BA,0x36
0x7BB,0x38
0x7BC,0x3C
0x7BD,0x41
0x7BE,0x47
0x7BF,0x4D
0x7C0,0x53
0x7C1,0x58
0x7C2,0x5C
0x7C3,0x5F
0x7C4,0x62
0x7C5,0x64
0x7C6,0x67
0x7C7,0x6C
0x7C8,0x71
0x7C9,0x76
0x7CA,0x7B
0x7CB,0x7E
0x7CC,0x81
0x7CD,0x82
0x7CE,0x84
0x7CF,0x85
0x7D0,0x88
0x7D1,0x8B
0x7D2,0x8E
0x7D3,0x91
0x7D4,0x94
0x7D5,0x96
0x7D6,0x97
0x7D7,0x98
0x7D8,0x99
0x7D9,0x99
0x7DA,0x99
0x7DB,0x99
0x7DC,0x98
0x7DD,0x96
0x7DE,0x94
0x7DF,0x90
0x7E0,0x8D
0x7E1,0x89
0x7E2,0x85
0x7E3,0x83
0x7E4,0x82
0x7E5,0x84
0x7E6,0x87
0x7E7,0x8B
0x7E8,0x8F
0x7E9,0x92
0x7EA,0x95
0x7EB,0x98
0x7EC,0x9A
0x7ED,0x9C
0x7EE,0x9D
0x7EF,0x9D
0x7F0,0x9C
0x7F1,0x9A
0x7F2,0x97
0x7F3,0x95
0x7F4,0x92
0x7F5,0x90
0x7F6,0x8E
0x7F7,0x8C
0x7F8,0x8A
0x7F9,0x87
0x7FA,0x84
0x7FB,0x81
0x7FC,0x7E
0x7FD,0x7B
0x7FE,0x78
0x7FF,0x75
0x800,0x88
0x801,0x86
0x802,0x84
0x803,0x84
0x804,0x85
0x805,0x86
0x806,0x88
0x807,0x8A
0x808,0x8D
0x809,0x90
0x80A,0x92
0x80B,0x94
0x80C,0x95
0x80D,0x96
0x80E,0x97
0x80F,0x97
0x810,0x98
0x811,0x98
0x812,0x99
0x813,0x99
0x814,0x98
0x815,0x97
0x816,0x94
0x817,0x90
0x818,0x8C
0x819,0x89
0x81A,0x88
0x81B,0x88
0x81C,0x87
0x81D,0x87
0x81E,0x85
0x81F,0x81
0x820,0x7D
0x821,0x77
0x822,0x73
0x823,0x6F
0x824,0x6D
0x825,0x6D
0x826,0x6D
0x827,0x6D
0x828,0x6D
0x829,0x6B
0x82A,0x69
0x82B,0x65
0x82C,0x61
0x82D,0x5B
0x82E,0x54
0x82F,0x4D
0x830,0x46
0x831,0x41
0x832,0x3D
0x833,0x3C
0x834,0x3D
0x835,0x40
0x836,0x46
0x837,0x4D
0x838,0x56
0x839,0x5F
0x83A,0x67
0x83B,0x6E
0x83C,0x74
0x83D,0x78
0x83E,0x7D
0x83F,0x81
0x840,0x86
0x841,0x8B
0x842,0x8F
0x843,0x92
0x844,0x93
0x845,0x91
0x846,0x8D
0x847,0x88
0x848,0x82
0x849,0x7D
0x84A,0x78
0x84B,0x75
0x84C,0x72
0x84D,0x71
0x84E,0x70
0x84F,0x6F
0x850,0x6E
0x851,0x6E
0x852,0x6E
0x853,0x6E
0x854,0x6E
0x855,0x6E
0x856,0x6D
0x857,0x6C
0x858,0x6B
0x859,0x6B
0x85A,0x6C
0x85B,0x6D
0x85C,0x6F
0x85D,0x71
0x85E,0x73
0x85F,0x74
0x860,0x75
0x861,0x74
0x862,0x74
0x863,0x73
0x864,0x73
0x865,0x74
0x866,0x76
0x867,0x78
0x868,0x7A
0x869,0x7C
0x86A,0x7E
0x86B,0x7E
0x86C,0x7F
0x86D,0x7F
0x86E,0x80
0x86F,0x82
0x870,0x85
0x871,0x89
0x872,0x8E
0x873,0x93
0x874,0x98
0x875,0x9C
0x876,0xA0
0x877,0xA4
0x878,0xA6
0x879,0xA7
0x87A,0xA7
0x87B,0xA5
0x87C,0xA1
0x87D,0x9D
0x87E,0x98
0x87F,0x93
0x880,0x8E
0x881,0x8A
0x882,0x86
0x883,0x82
0x884,0x7E
0x885,0x7B
0x886,0x79
0x887,0x78
0x888,0x78
0x889,0x7A
0x88A,0x7D
0x88B,0x81
0x88C,0x84
0x88D,0x87
0x88E,0x8A
0x88F,0x8C
0x890,0x8E
0x891,0x90
0x892,0x91
0x893,0x92
0x894,0x92
0x895,0x91
0x896,0x90
0x897,0x8F
0x898,0x8E
0x899,0x8D
0x89A,0x8D
0x89B,0x8C
0x89C,0x8A
0x89D,0x89
0x89E,0x87
0x89F,0x84
0x8A0,0x82
0x8A1,0x80
0x8A2,0x80
0x8A3,0x81
0x8A4,0x84
0x8A5,0x87
0x8A6,0x8B
0x8A7,0x8F
0x8A8,0x91
0x8A9,0x92
0x8AA,0x91
0x8AB,0x8F
0x8AC,0x8E
0x8AD,0x8E
0x8AE,0x8E
0x8AF,0x8F
0x8B0,0x90
0x8B1,0x91
0x8B2,0x90
0x8B3,0x8F
0x8B4,0x8D
0x8B5,0x8C
0x8B6,0x8B
0x8B7,0x8C
0x8B8,0x8D
0x8B9,0x8E
0x8BA,0x8F
0x8BB,0x8F
0x8BC,0x8F
0x8BD,0x8F
0x8BE,0x8F
0x8BF,0x8F
0x8C0,0x90
0x8C1,0x90
0x8C2,0x91
0x8C3,0x92
0x8C4,0x93
0x8C5,0x95
0x8C6,0x96
0x8C7,0x97
0x8C8,0x99
0x8C9,0x9B
0x8CA,0x9E
0x8CB,0xA0
0x8CC,0xA2
0x8CD,0xA3
0x8CE,0xA3
0x8CF,0xA1
0x8D0,0x9D
0x8D1,0x99
0x8D2,0x95
0x8D3,0x92
0x8D4,0x90
0x8D5,0x8E
0x8D6,0x8C
0x8D7,0x8B
0x8D8,0x88
0x8D9,0x85
0x8DA,0x80
0x8DB,0x7C
0x8DC,0x78
0x8DD,0x73
0x8DE,0x6F
0x8DF,0x6A
0x8E0,0x64
0x8E1,0x5F
0x8E2,0x59
0x8E3,0x52
0x8E4,0x4D
0x8E5,0x49
0x8E6,0x46
0x8E7,0x44
0x8E8,0x42
0x8E9,0x41
0x8EA,0x40
0x8EB,0x40
0x8EC,0x40
0x8ED,0x41
0x8EE,0x43
0x8EF,0x45
0x8F0,0x48
0x8F1,0x4B
0x8F2,0x4F
0x8F3,0x52
0x8F4,0x56
0x8F5,0x5B
0x8F6,0x5F
0x8F7,0x63
0x8F8,0x67
0x8F9,0x6A
0x8FA,0x6C
0x8FB,0x6E
0x8FC,0x70
0x8FD,0x72
0x8FE,0x75
0x8FF,0x78
0x900,0x7C
0x901,0x80
0x902,0x85
0x903,0x8A
0x904,0x8F
0x905,0x93
0x906,0x96
0x907,0x98
0x908,0x99
0x909,0x9A
0x90A,0x99
0x90B,0x98
0x90C,0x96
0x90D,0x93
0x90E,0x8F
0x90F,0x8B
0x910,0x88
0x911,0x87
0x912,0x87
0x913,0x88
0x914,0x89
0x915,0x8A
0x916,0x8B
0x917,0x8B
0x918,0x8B
0x919,0x8B
0x91A,0x8D
0x91B,0x90
0x91C,0x94
0x91D,0x98
0x91E,0x9A
0x91F,0x9B
0x920,0x9B
0x921,0x99
0x922,0x97
0x923,0x95
0x924,0x94
0x925,0x94
0x926,0x94
0x927,0x94
0x928,0x94
0x929,0x94
0x92A,0x92
0x92B,0x8F
0x92C,0x8C
0x92D,0x88
0x92E,0x83
0x92F,0x7F
0x930,0x7C
0x931,0x7A
0x932,0x78
0x933,0x77
0x934,0x76
0x935,0x75
0x936,0x75
0x937,0x75
0x938,0x75
0x939,0x75
0x93A,0x72
0x93B,0x6D
0x93C,0x66
0x93D,0x5D
0x93E,0x53
0x93F,0x4A
0x940,0x44
0x941,0x40
0x942,0x40
0x943,0x41
0x944,0x44
0x945,0x48
0x946,0x4B
0x947,0x4E
0x948,0x52
0x949,0x57
0x94A,0x5C
0x94B,0x63
0x94C,0x6B
0x94D,0x73
0x94E,0x7B
0x94F,0x82
0x950,0x88
0x951,0x8C
0x952,0x8F
0x953,0x90
0x954,0x8F
0x955,0x8E
0x956,0x8B
0x957,0x88
0x958,0x84
0x959,0x7F
0x95A,0x7C
0x95B,0x79
0x95C,0x77
0x95D,0x76
0x95E,0x76
0x95F,0x75
0x960,0x74
0x961,0x73
0x962,0x71
0x963,0x6E
0x964,0x6D
0x965,0x6B
0x966,0x6B
0x967,0x6B
0x968,0x6D
0x969,0x6F
0x96A,0x71
0x96B,0x71
0x96C,0x71
0x96D,0x70
0x96E,0x70
0x96F,0x70
0x970,0x70
0x971,0x71
0x972,0x72
0x973,0x74
0x974,0x75
0x975,0x77
0x976,0x78
0x977,0x79
0x978,0x79
0x979,0x7A
0x97A,0x7A
0x97B,0x7A
0x97C,0x7A
0x97D,0x7A
0x97E,0x7B
0x97F,0x7E
0x980,0x82
0x981,0x87
0x982,0x8D
0x983,0x93
0x984,0x98
0x985,0x9C
0x986,0x9F
0x987,0xA2
0x988,0xA4
0x989,0xA5
0x98A,0xA5
0x98B,0xA5
0x98C,0xA3
0x98D,0x9F
0x98E,0x9B
0x98F,0x96
0x990,0x91
0x991,0x8C
0x992,0x87
0x993,0x83
0x994,0x7F
0x995,0x7C
0x996,0x7A
0x997,0x79
0x998,0x7A
0x999,0x7B
0x99A,0x7D
0x99B,0x7F
0x99C,0x82
0x99D,0x85
0x99E,0x88
0x99F,0x8A
0x9A0,0x8B
0x9A1,0x8C
0x9A2,0x8C
0x9A3,0x8C
0x9A4,0x8E
0x9A5,0x8F
0x9A6,0x91
0x9A7,0x93
0x9A8,0x93
0x9A9,0x92
0x9AA,0x8F
0x9AB,0x8A
0x9AC,0x86
0x9AD,0x83
0x9AE,0x82
0x9AF,0x81
0x9B0,0x82
0x9B1,0x83
0x9B2,0x84
0x9B3,0x85
0x9B4,0x87
0x9B5,0x88
0x9B6,0x89
0x9B7,0x8A
0x9B8,0x8C
0x9B9,0x8D
0x9BA,0x8F
0x9BB,0x8F
0x9BC,0x90
0x9BD,0x90
0x9BE,0x8F
0x9BF,0x8F
0x9C0,0x8E
0x9C1,0x8E
0x9C2,0x8E
0x9C3,0x8E
0x9C4,0x8E
0x9C5,0x8E
0x9C6,0x8E
0x9C7,0x8E
0x9C8,0x8D
0x9C9,0x8D
0x9CA,0x8D
0x9CB,0x8D
0x9CC,0x8E
0x9CD,0x90
0x9CE,0x90
0x9CF,0x90
0x9D0,0x90
0x9D1,0x8E
0x9D2,0x8E
0x9D3,0x8E
0x9D4,0x8F
0x9D5,0x92
0x9D6,0x96
0x9D7,0x9A
0x9D8,0x9D
0x9D9,0xA0
0x9DA,0xA1
0x9DB,0xA2
0x9DC,0xA2
0x9DD,0xA1
0x9DE,0xA0
0x9DF,0x9F
0x9E0,0x9D
0x9E1,0x9C
0x9E2,0x99
0x9E3,0x97
0x9E4,0x95
0x9E5,0x93
0x9E6,0x91
0x9E7,0x90
0x9E8,0x8E
0x9E9,0x8B
0x9EA,0x87
0x9EB,0x83
0x9EC,0x7F
0x9ED,0x7A
0x9EE,0x75
0x9EF,0x6F
0x9F0,0x69
0x9F1,0x63
0x9F2,0x5E
0x9F3,0x59
0x9F4,0x55
0x9F5,0x51
0x9F6,0x4D
0x9F7,0x4A
0x9F8,0x47
0x9F9,0x45
0x9FA,0x43
0x9FB,0x42
0x9FC,0x41
0x9FD,0x41
0x9FE,0x42
0x9FF,0x43
0xA00,0x88
0xA01,0x86
0xA02,0x84
0xA03,0x84
0xA04,0x85
0xA05,0x86
0xA06,0x88
0xA07,0x8A
0xA08,0x8D
0xA09,0x90
0xA0A,0x92
0xA0B,0x94
0xA0C,0x95
0xA0D,0x96
0xA0E,0x97
0xA0F,0x97
0xA10,0x98
0xA11,0x98
0xA12,0x99
0xA13,0x99
0xA14,0x98
0xA15,0x97
0xA16,0x94
0xA17,0x90
0xA18,0x8C
0xA19,0x89
0xA1A,0x88
0xA1B,0x88
0xA1C,0x87
0xA1D,0x87
0xA1E,0x85
0xA1F,0x81
0xA20,0x7D
0xA21,0x77
0xA22,0x73
0xA23,0x6F
0xA24,0x6D
0xA25,0x6D
0xA26,0x6D
0xA27,0x6D
0xA28,0x6D
0xA29,0x6B
0xA2A,0x69
0xA2B,0x65
0xA2C,0x61
0xA2D,0x5B
0xA2E,0x54
0xA2F,0x4D
0xA30,0x46
0xA31,0x41
0xA32,0x3D
0xA33,0x3C
0xA34,0x3D
0xA35,0x40
0xA36,0x46
0xA37,0x4D
0xA38,0x56
0xA39,0x5F
0xA3A,0x67
0xA3B,0x6E
0xA3C,0x74
0xA3D,0x78
0xA3E,0x7D
0xA3F,0x81
0xA40,0x86
0xA41,0x8B
0xA42,0x8F
0xA43,0x92
0xA44,0x93
0xA45,0x91
0xA46,0x8D
0xA47,0x88
0xA48,0x82
0xA49,0x7D
0xA4A,0x78
0xA4B,0x75
0xA4C,0x72
0xA4D,0x71
0xA4E,0x70
0xA4F,0x6F
0xA50,0x6E
0xA51,0x6E
0xA52,0x6E
0xA53,0x6E
0xA54,0x6E
0xA55,0x6E
0xA56,0x6D
0xA57,0x6C
0xA58,0x6B
0xA59,0x6B
0xA5A,0x6C
0xA5B,0x6D
0xA5C,0x6F
0xA5D,0x71
0xA5E,0x73
0xA5F,0x74
0xA60,0x75
0xA61,0x74
0xA62,0x74
0xA63,0x73
0xA64,0x73
0xA65,0x74
0xA66,0x76
0xA67,0x78
0xA68,0x7A
0xA69,0x7C
0xA6A,0x7E
0xA6B,0x7E
0xA6C,0x7F
0xA6D,0x7F
0xA6E,0x80
0xA6F,0x82
0xA70,0x85
0xA71,0x89
0xA72,0x8E
0xA73,0x93
0xA74,0x98
0xA75,0x9C
0xA76,0xA0
0xA77,0xA4
0xA78,0xA6
0xA79,0xA7
0xA7A,0xA7
0xA7B,0xA5
0xA7C,0xA1
0xA7D,0x9D
0xA7E,0x98
0xA7F,0x93
0xA80,0x8E
0xA81,0x8A
0xA82,0x86
0xA83,0x82
0xA84,0x7E
0xA85,0x7B
0xA86,0x79
0xA87,0x78
0xA88,0x78
0xA89,0x7A
0xA8A,0x7D
0xA8B,0x81
0xA8C,0x84
0xA8D,0x87
0xA8E,0x8A
0xA8F,0x8C
0xA90,0x8E
0xA91,0x90
0xA92,0x91
0xA93,0x92
0xA94,0x92
0xA95,0x91
0xA96,0x90
0xA97,0x8F
0xA98,0x8E
0xA99,0x8D
0xA9A,0x8D
0xA9B,0x8C
0xA9C,0x8A
0xA9D,0x89
0xA9E,0x87
0xA9F,0x84
0xAA0,0x82
0xAA1,0x80
0xAA2,0x80
0xAA3,0x81
0xAA4,0x84
0xAA5,0x87
0xAA6,0x8B
0xAA7,0x8F
0xAA8,0x91
0xAA9,0x92
0xAAA,0x91
0xAAB,0x8F
0xAAC,0x8E
0xAAD,0x8E
0xAAE,0x8E
0xAAF,0x8F
0xAB0,0x90
0xAB1,0x91
0xAB2,0x90
0xAB3,0x8F
0xAB4,0x8D
0xAB5,0x8C
0xAB6,0x8B
0xAB7,0x8C
0xAB8,0x8D
0xAB9,0x8E
0xABA,0x8F
0xABB,0x8F
0xABC,0x8F
0xABD,0x8F
0xABE,0x8F
0xABF,0x8F
0xAC0,0x90
0xAC1,0x90
0xAC2,0x91
0xAC3,0x92
0xAC4,0x93
0xAC5,0x95
0xAC6,0x96
0xAC7,0x97
0xAC8,0x99
0xAC9,0x9B
0xACA,0x9E
0xACB,0xA0
0xACC,0xA2
0xACD,0xA3
0xACE,0xA3
0xACF,0xA1
0xAD0,0x9D
0xAD1,0x99
0xAD2,0x95
0xAD3,0x92
0xAD4,0x90
0xAD5,0x8E
0xAD6,0x8C
0xAD7,0x8B
0xAD8,0x88
0xAD9,0x85
0xADA,0x80
0xADB,0x7C
0xADC,0x78
0xADD,0x73
0xADE,0x6F
0xADF,0x6A
0xAE0,0x64
0xAE1,0x5F
0xAE2,0x59
0xAE3,0x52
0xAE4,0x4D
0xAE5,0x49
0xAE6,0x46
0xAE7,0x44
0xAE8,0x42
0xAE9,0x41
0xAEA,0x40
0xAEB,0x40
0xAEC,0x40
0xAED,0x41
0xAEE,0x43
0xAEF,0x45
0xAF0,0x48
0xAF1,0x4B
0xAF2,0x4F
0xAF3,0x52
0xAF4,0x56
0xAF5,0x5B
0xAF6,0x5F
0xAF7,0x63
0xAF8,0x67
0xAF9,0x6A
0xAFA,0x6C
0xAFB,0x6E
0xAFC,0x70
0xAFD,0x72
0xAFE,0x75
0xAFF,0x78
0xB00,0x7C
0xB01,0x80
0xB02,0x85
0xB03,0x8A
0xB04,0x8F
0xB05,0x93
0xB06,0x96
0xB07,0x98
0xB08,0x99
0xB09,0x9A
0xB0A,0x99
0xB0B,0x98
0xB0C,0x96
0xB0D,0x93
0xB0E,0x8F
0xB0F,0x8B
0xB10,0x88
0xB11,0x87
0xB12,0x87
0xB13,0x88
0xB14,0x89
0xB15,0x8A
0xB16,0x8B
0xB17,0x8B
0xB18,0x8B
0xB19,0x8B
0xB1A,0x8D
0xB1B,0x90
0xB1C,0x94
0xB1D,0x98
0xB1E,0x9A
0xB1F,0x9B
0xB20,0x9B
0xB21,0x99
0xB22,0x97
0xB23,0x95
0xB24,0x94
0xB25,0x94
0xB26,0x94
0xB27,0x94
0xB28,0x94
0xB29,0x94
0xB2A,0x92
0xB2B,0x8F
0xB2C,0x8C
0xB2D,0x88
0xB2E,0x83
0xB2F,0x7F
0xB30,0x7C
0xB31,0x7A
0xB32,0x78
0xB33,0x77
0xB34,0x76
0xB35,0x75
0xB36,0x75
0xB37,0x75
0xB38,0x75
0xB39,0x75
0xB3A,0x72
0xB3B,0x6D
0xB3C,0x66
0xB3D,0x5D
0xB3E,0x53
0xB3F,0x4A
0xB40,0x44
0xB41,0x40
0xB42,0x40
0xB43,0x41
0xB44,0x44
0xB45,0x48
0xB46,0x4B
0xB47,0x4E
0xB48,0x52
0xB49,0x57
0xB4A,0x5C
0xB4B,0x63
0xB4C,0x6B
0xB4D,0x73
0xB4E,0x7B
0xB4F,0x82
0xB50,0x88
0xB51,0x8C
0xB52,0x8F
0xB53,0x90
0xB54,0x8F
0xB55,0x8E
0xB56,0x8B
0xB57,0x88
0xB58,0x84
0xB59,0x7F
0xB5A,0x7C
0xB5B,0x79
0xB5C,0x77
0xB5D,0x76
0xB5E,0x76
0xB5F,0x75
0xB60,0x74
0xB61,0x73
0xB62,0x71
0xB63,0x6E
0xB64,0x6D
0xB65,0x6B
0xB66,0x6B
0xB67,0x6B
0xB68,0x6D
0xB69,0x6F
0xB6A,0x71
0xB6B,0x71
0xB6C,0x71
0xB6D,0x70
0xB6E,0x70
0xB6F,0x70
0xB70,0x70
0xB71,0x71
0xB72,0x72
0xB73,0x74
0xB74,0x75
0xB75,0x77
0xB76,0x78
0xB77,0x79
0xB78,0x79
0xB79,0x7A
0xB7A,0x7A
0xB7B,0x7A
0xB7C,0x7A
0xB7D,0x7A
0xB7E,0x7B
0xB7F,0x7E
0xB80,0x82
0xB81,0x87
0xB82,0x8D
0xB83,0x93
0xB84,0x98
0xB85,0x9C
0xB86,0x9F
0xB87,0xA2
0xB88,0xA4
0xB89,0xA5
0xB8A,0xA5
0xB8B,0xA5
0xB8C,0xA3
0xB8D,0x9F
0xB8E,0x9B
0xB8F,0x96
0xB90,0x91
0xB91,0x8C
0xB92,0x87
0xB93,0x83
0xB94,0x7F
0xB95,0x7C
0xB96,0x7A
0xB97,0x79
0xB98,0x7A
0xB99,0x7B
0xB9A,0x7D
0xB9B,0x7F
0xB9C,0x82
0xB9D,0x85
0xB9E,0x88
0xB9F,0x8A
0xBA0,0x8B
0xBA1,0x8C
0xBA2,0x8C
0xBA3,0x8C
0xBA4,0x8E
0xBA5,0x8F
0xBA6,0x91
0xBA7,0x93
0xBA8,0x93
0xBA9,0x92
0xBAA,0x8F
0xBAB,0x8A
0xBAC,0x86
0xBAD,0x83
0xBAE,0x82
0xBAF,0x81
0xBB0,0x82
0xBB1,0x83
0xBB2,0x84
0xBB3,0x85
0xBB4,0x87
0xBB5,0x88
0xBB6,0x89
0xBB7,0x8A
0xBB8,0x8C
0xBB9,0x8D
0xBBA,0x8F
0xBBB,0x8F
0xBBC,0x90
0xBBD,0x90
0xBBE,0x8F
0xBBF,0x8F
0xBC0,0x8E
0xBC1,0x8E
0xBC2,0x8E
0xBC3,0x8E
0xBC4,0x8E
0xBC5,0x8E
0xBC6,0x8E
0xBC7,0x8E
0xBC8,0x8D
0xBC9,0x8D
0xBCA,0x8D
0xBCB,0x8D
0xBCC,0x8E
0xBCD,0x90
0xBCE,0x90
0xBCF,0x90
0xBD0,0x90
0xBD1,0x8E
0xBD2,0x8E
0xBD3,0x8E
0xBD4,0x8F
0xBD5,0x92
0xBD6,0x96
0xBD7,0x9A
0xBD8,0x9D
0xBD9,0xA0
0xBDA,0xA1
0xBDB,0xA2
0xBDC,0xA2
0xBDD,0xA1
0xBDE,0xA0
0xBDF,0x9F
0xBE0,0x9D
0xBE1,0x9C
0xBE2,0x99
0xBE3,0x97
0xBE4,0x95
0xBE5,0x93
0xBE6,0x91
0xBE7,0x90
0xBE8,0x8E
0xBE9,0x8B
0xBEA,0x87
0xBEB,0x83
0xBEC,0x7F
0xBED,0x7A
0xBEE,0x75
0xBEF,0x6F
0xBF0,0x69
0xBF1,0x63
0xBF2,0x5E
0xBF3,0x59
0xBF4,0x55
0xBF5,0x51
0xBF6,0x4D
0xBF7,0x4A
0xBF8,0x47
0xBF9,0x45
0xBFA,0x43
0xBFB,0x42
0xBFC,0x41
0xBFD,0x41
0xBFE,0x42
0xBFF,0x43
0xC00,0x9A
0xC01,0x9B
0xC02,0x9B
0xC03,0x9C
0xC04,0x9D
0xC05,0x9D
0xC06,0x9B
0xC07,0x98
0xC08,0x94
0xC09,0x90
0xC0A,0x8C
0xC0B,0x89
0xC0C,0x86
0xC0D,0x82
0xC0E,0x7F
0xC0F,0x7A
0xC10,0x75
0xC11,0x70
0xC12,0x6B
0xC13,0x66
0xC14,0x61
0xC15,0x5C
0xC16,0x58
0xC17,0x54
0xC18,0x50
0xC19,0x4B
0xC1A,0x48
0xC1B,0x44
0xC1C,0x42
0xC1D,0x41
0xC1E,0x43
0xC1F,0x45
0xC20,0x49
0xC21,0x4D
0xC22,0x4F
0xC23,0x51
0xC24,0x51
0xC25,0x50
0xC26,0x50
0xC27,0x51
0xC28,0x53
0xC29,0x56
0xC2A,0x5A
0xC2B,0x5E
0xC2C,0x62
0xC2D,0x65
0xC2E,0x68
0xC2F,0x6B
0xC30,0x6F
0xC31,0x74
0xC32,0x79
0xC33,0x7F
0xC34,0x84
0xC35,0x88
0xC36,0x8C
0xC37,0x8E
0xC38,0x90
0xC39,0x91
0xC3A,0x91
0xC3B,0x91
0xC3C,0x90
0xC3D,0x8F
0xC3E,0x8C
0xC3F,0x89
0xC40,0x87
0xC41,0x84
0xC42,0x83
0xC43,0x83
0xC44,0x85
0xC45,0x88
0xC46,0x8A
0xC47,0x8C
0xC48,0x8C
0xC49,0x8C
0xC4A,0x8A
0xC4B,0x89
0xC4C,0x88
0xC4D,0x88
0xC4E,0x89
0xC4F,0x8C
0xC50,0x90
0xC51,0x94
0xC52,0x98
0xC53,0x9A
0xC54,0x9B
0xC55,0x9B
0xC56,0x9A
0xC57,0x98
0xC58,0x95
0xC59,0x91
0xC5A,0x8D
0xC5B,0x89
0xC5C,0x86
0xC5D,0x84
0xC5E,0x83
0xC5F,0x84
0xC60,0x86
0xC61,0x87
0xC62,0x89
0xC63,0x89
0xC64,0x87
0xC65,0x85
0xC66,0x83
0xC67,0x80
0xC68,0x7E
0xC69,0x7C
0xC6A,0x79
0xC6B,0x75
0xC6C,0x71
0xC6D,0x6B
0xC6E,0x64
0xC6F,0x5D
0xC70,0x56
0xC71,0x50
0xC72,0x4A
0xC73,0x45
0xC74,0x42
0xC75,0x41
0xC76,0x42
0xC77,0x45
0xC78,0x4A
0xC79,0x4F
0xC7A,0x55
0xC7B,0x5B
0xC7C,0x61
0xC7D,0x66
0xC7E,0x6B
0xC7F,0x70
0xC80,0x74
0xC81,0x79
0xC82,0x7D
0xC83,0x81
0xC84,0x84
0xC85,0x87
0xC86,0x88
0xC87,0x88
0xC88,0x86
0xC89,0x84
0xC8A,0x81
0xC8B,0x7E
0xC8C,0x7C
0xC8D,0x7B
0xC8E,0x7A
0xC8F,0x79
0xC90,0x78
0xC91,0x77
0xC92,0x75
0xC93,0x74
0xC94,0x72
0xC95,0x71
0xC96,0x70
0xC97,0x6F
0xC98,0x6E
0xC99,0x6D
0xC9A,0x6C
0xC9B,0x6B
0xC9C,0x6B
0xC9D,0x6C
0xC9E,0x6E
0xC9F,0x70
0xCA0,0x72
0xCA1,0x73
0xCA2,0x73
0xCA3,0x73
0xCA4,0x71
0xCA5,0x70
0xCA6,0x6F
0xCA7,0x6F
0xCA8,0x6F
0xCA9,0x70
0xCAA,0x70
0xCAB,0x71
0xCAC,0x71
0xCAD,0x71
0xCAE,0x71
0xCAF,0x73
0xCB0,0x76
0xCB1,0x7A
0xCB2,0x80
0xCB3,0x87
0xCB4,0x8E
0xCB5,0x94
0xCB6,0x99
0xCB7,0x9D
0xCB8,0x9F
0xCB9,0xA0
0xCBA,0x9F
0xCBB,0x9F
0xCBC,0x9F
0xCBD,0x9E
0xCBE,0x9D
0xCBF,0x9A
0xCC0,0x97
0xCC1,0x93
0xCC2,0x8E
0xCC3,0x8A
0xCC4,0x87
0xCC5,0x84
0xCC6,0x82
0xCC7,0x80
0xCC8,0x7E
0xCC9,0x7C
0xCCA,0x7B
0xCCB,0x7A
0xCCC,0x7B
0xCCD,0x7D
0xCCE,0x80
0xCCF,0x83
0xCD0,0x86
0xCD1,0x89
0xCD2,0x8B
0xCD3,0x8C
0xCD4,0x8E
0xCD5,0x8E
0xCD6,0x8E
0xCD7,0x8E
0xCD8,0x8D
0xCD9,0x8D
0xCDA,0x8C
0xCDB,0x8B
0xCDC,0x8A
0xCDD,0x88
0xCDE,0x86
0xCDF,0x85
0xCE0,0x83
0xCE1,0x83
0xCE2,0x83
0xCE3,0x84
0xCE4,0x86
0xCE5,0x87
0xCE6,0x88
0xCE7,0x89
0xCE8,0x8A
0xCE9,0x8B
0xCEA,0x8C
0xCEB,0x8D
0xCEC,0x8D
0xCED,0x8D
0xCEE,0x8C
0xCEF,0x8C
0xCF0,0x8C
0xCF1,0x8D
0xCF2,0x8E
0xCF3,0x90
0xCF4,0x91
0xCF5,0x91
0xCF6,0x91
0xCF7,0x90
0xCF8,0x8F
0xCF9,0x8E
0xCFA,0x8D
0xCFB,0x8D
0xCFC,0x8C
0xCFD,0x8B
0xCFE,0x8A
0xCFF,0x89
0xD00,0x89
0xD01,0x8A
0xD02,0x8C
0xD03,0x90
0xD04,0x94
0xD05,0x97
0xD06,0x99
0xD07,0x9A
0xD08,0x9B
0xD09,0x9B
0xD0A,0x9B
0xD0B,0x9B
0xD0C,0x9C
0xD0D,0x9E
0xD0E,0x9F
0xD0F,0xA1
0xD10,0xA2
0xD11,0xA2
0xD12,0xA2
0xD13,0xA1
0xD14,0x9F
0xD15,0x9E
0xD16,0x9D
0xD17,0x9C
0xD18,0x9B
0xD19,0x99
0xD1A,0x96
0xD1B,0x92
0xD1C,0x8D
0xD1D,0x88
0xD1E,0x84
0xD1F,0x81
0xD20,0x7E
0xD21,0x7B
0xD22,0x78
0xD23,0x73
0xD24,0x6C
0xD25,0x65
0xD26,0x5E
0xD27,0x58
0xD28,0x53
0xD29,0x50
0xD2A,0x4E
0xD2B,0x4D
0xD2C,0x4D
0xD2D,0x4D
0xD2E,0x4D
0xD2F,0x4D
0xD30,0x4D
0xD31,0x4D
0xD32,0x4E
0xD33,0x4F
0xD34,0x51
0xD35,0x52
0xD36,0x53
0xD37,0x54
0xD38,0x55
0xD39,0x56
0xD3A,0x58
0xD3B,0x5B
0xD3C,0x5E
0xD3D,0x63
0xD3E,0x67
0xD3F,0x6B
0xD40,0x6F
0xD41,0x73
0xD42,0x77
0xD43,0x7C
0xD44,0x82
0xD45,0x87
0xD46,0x8D
0xD47,0x91
0xD48,0x94
0xD49,0x94
0xD4A,0x93
0xD4B,0x91
0xD4C,0x8E
0xD4D,0x8B
0xD4E,0x89
0xD4F,0x89
0xD50,0x8A
0xD51,0x8B
0xD52,0x8D
0xD53,0x8E
0xD54,0x8E
0xD55,0x8D
0xD56,0x8C
0xD57,0x8B
0xD58,0x8A
0xD59,0x88
0xD5A,0x88
0xD5B,0x88
0xD5C,0x89
0xD5D,0x8A
0xD5E,0x8D
0xD5F,0x91
0xD60,0x96
0xD61,0x9A
0xD62,0x9D
0xD63,0x9E
0xD64,0x9E
0xD65,0x9C
0xD66,0x9A
0xD67,0x97
0xD68,0x94
0xD69,0x92
0xD6A,0x90
0xD6B,0x8E
0xD6C,0x8D
0xD6D,0x8D
0xD6E,0x8D
0xD6F,0x8D
0xD70,0x8D
0xD71,0x8C
0xD72,0x8C
0xD73,0x8B
0xD74,0x8A
0xD75,0x8A
0xD76,0x8A
0xD77,0x8A
0xD78,0x89
0xD79,0x87
0xD7A,0x84
0xD7B,0x80
0xD7C,0x7B
0xD7D,0x74
0xD7E,0x6D
0xD7F,0x64
0xD80,0x5C
0xD81,0x55
0xD82,0x50
0xD83,0x4C
0xD84,0x4B
0xD85,0x4A
0xD86,0x4B
0xD87,0x4D
0xD88,0x4F
0xD89,0x51
0xD8A,0x54
0xD8B,0x58
0xD8C,0x5D
0xD8D,0x63
0xD8E,0x69
0xD8F,0x70
0xD90,0x76
0xD91,0x7B
0xD92,0x7F
0xD93,0x82
0xD94,0x84
0xD95,0x86
0xD96,0x88
0xD97,0x88
0xD98,0x88
0xD99,0x87
0xD9A,0x86
0xD9B,0x84
0xD9C,0x82
0xD9D,0x80
0xD9E,0x7F
0xD9F,0x7F
0xDA0,0x7F
0xDA1,0x7E
0xDA2,0x7D
0xDA3,0x7B
0xDA4,0x78
0xDA5,0x75
0xDA6,0x73
0xDA7,0x71
0xDA8,0x70
0xDA9,0x70
0xDAA,0x70
0xDAB,0x72
0xDAC,0x73
0xDAD,0x74
0xDAE,0x74
0xDAF,0x74
0xDB0,0x73
0xDB1,0x73
0xDB2,0x73
0xDB3,0x74
0xDB4,0x75
0xDB5,0x76
0xDB6,0x77
0xDB7,0x76
0xDB8,0x74
0xDB9,0x71
0xDBA,0x6F
0xDBB,0x6D
0xDBC,0x6D
0xDBD,0x6F
0xDBE,0x72
0xDBF,0x76
0xDC0,0x7A
0xDC1,0x7E
0xDC2,0x83
0xDC3,0x88
0xDC4,0x8E
0xDC5,0x93
0xDC6,0x98
0xDC7,0x9C
0xDC8,0x9F
0xDC9,0xA1
0xDCA,0xA2
0xDCB,0xA2
0xDCC,0xA2
0xDCD,0xA1
0xDCE,0xA0
0xDCF,0x9E
0xDD0,0x9D
0xDD1,0x9A
0xDD2,0x97
0xDD3,0x93
0xDD4,0x8F
0xDD5,0x8A
0xDD6,0x86
0xDD7,0x83
0xDD8,0x80
0xDD9,0x7F
0xDDA,0x7F
0xDDB,0x7F
0xDDC,0x81
0xDDD,0x82
0xDDE,0x83
0xDDF,0x85
0xDE0,0x87
0xDE1,0x89
0xDE2,0x8C
0xDE3,0x8E
0xDE4,0x90
0xDE5,0x91
0xDE6,0x91
0xDE7,0x91
0xDE8,0x91
0xDE9,0x90
0xDEA,0x90
0xDEB,0x8F
0xDEC,0x8D
0xDED,0x8B
0xDEE,0x89
0xDEF,0x88
0xDF0,0x87
0xDF1,0x87
0xDF2,0x88
0xDF3,0x89
0xDF4,0x8A
0xDF5,0x8C
0xDF6,0x8C
0xDF7,0x8C
0xDF8,0x8C
0xDF9,0x8C
0xDFA,0x8D
0xDFB,0x8E
0xDFC,0x8F
0xDFD,0x8F
0xDFE,0x8F
0xDFF,0x8F
0xE00,0x9A
0xE01,0x9B
0xE02,0x9B
0xE03,0x9C
0xE04,0x9D
0xE05,0x9D
0xE06,0x9B
0xE07,0x98
0xE08,0x94
0xE09,0x90
0xE0A,0x8C
0xE0B,0x89
0xE0C,0x86
0xE0D,0x82
0xE0E,0x7F
0xE0F,0x7A
0xE10,0x75
0xE11,0x70
0xE12,0x6B
0xE13,0x66
0xE14,0x61
0xE15,0x5C
0xE16,0x58
0xE17,0x54
0xE18,0x50
0xE19,0x4B
0xE1A,0x48
0xE1B,0x44
0xE1C,0x42
0xE1D,0x41
0xE1E,0x43
0xE1F,0x45
0xE20,0x49
0xE21,0x4D
0xE22,0x4F
0xE23,0x51
0xE24,0x51
0xE25,0x50
0xE26,0x50
0xE27,0x51
0xE28,0x53
0xE29,0x56
0xE2A,0x5A
0xE2B,0x5E
0xE2C,0x62
0xE2D,0x65
0xE2E,0x68
0xE2F,0x6B
0xE30,0x6F
0xE31,0x74
0xE32,0x79
0xE33,0x7F
0xE34,0x84
0xE35,0x88
0xE36,0x8C
0xE37,0x8E
0xE38,0x90
0xE39,0x91
0xE3A,0x91
0xE3B,0x91
0xE3C,0x90
0xE3D,0x8F
0xE3E,0x8C
0xE3F,0x89
0xE40,0x87
0xE41,0x84
0xE42,0x83
0xE43,0x83
0xE44,0x85
0xE45,0x88
0xE46,0x8A
0xE47,0x8C
0xE48,0x8C
0xE49,0x8C
0xE4A,0x8A
0xE4B,0x89
0xE4C,0x88
0xE4D,0x88
0xE4E,0x89
0xE4F,0x8C
0xE50,0x90
0xE51,0x94
0xE52,0x98
0xE53,0x9A
0xE54,0x9B
0xE55,0x9B
0xE56,0x9A
0xE57,0x98
0xE58,0x95
0xE59,0x91
0xE5A,0x8D
0xE5B,0x89
0xE5C,0x86
0xE5D,0x84
0xE5E,0x83
0xE5F,0x84
0xE60,0x86
0xE61,0x87
0xE62,0x89
0xE63,0x89
0xE64,0x87
0xE65,0x85
0xE66,0x83
0xE67,0x80
0xE68,0x7E
0xE69,0x7C
0xE6A,0x79
0xE6B,0x75
0xE6C,0x71
0xE6D,0x6B
0xE6E,0x64
0xE6F,0x5D
0xE70,0x56
0xE71,0x50
0xE72,0x4A
0xE73,0x45
0xE74,0x42
0xE75,0x41
0xE76,0x42
0xE77,0x45
0xE78,0x4A
0xE79,0x4F
0xE7A,0x55
0xE7B,0x5B
0xE7C,0x61
0xE7D,0x66
0xE7E,0x6B
0xE7F,0x70
0xE80,0x74
0xE81,0x79
0xE82,0x7D
0xE83,0x81
0xE84,0x84
0xE85,0x87
0xE86,0x88
0xE87,0x88
0xE88,0x86
0xE89,0x84
0xE8A,0x81
0xE8B,0x7E
0xE8C,0x7C
0xE8D,0x7B
0xE8E,0x7A
0xE8F,0x79
0xE90,0x78
0xE91,0x77
0xE92,0x75
0xE93,0x74
0xE94,0x72
0xE95,0x71
0xE96,0x70
0xE97,0x6F
0xE98,0x6E
0xE99,0x6D
0xE9A,0x6C
0xE9B,0x6B
0xE9C,0x6B
0xE9D,0x6C
0xE9E,0x6E
0xE9F,0x70
0xEA0,0x72
0xEA1,0x73
0xEA2,0x73
0xEA3,0x73
0xEA4,0x71
0xEA5,0x70
0xEA6,0x6F
0xEA7,0x6F
0xEA8,0x6F
0xEA9,0x70
0xEAA,0x70
0xEAB,0x71
0xEAC,0x71
0xEAD,0x71
0xEAE,0x71
0xEAF,0x73
0xEB0,0x76
0xEB1,0x7A
0xEB2,0x80
0xEB3,0x87
0xEB4,0x8E
0xEB5,0x94
0xEB6,0x99
0xEB7,0x9D
0xEB8,0x9F
0xEB9,0xA0
0xEBA,0x9F
0xEBB,0x9F
0xEBC,0x9F
0xEBD,0x9E
0xEBE,0x9D
0xEBF,0x9A
0xEC0,0x97
0xEC1,0x93
0xEC2,0x8E
0xEC3,0x8A
0xEC4,0x87
0xEC5,0x84
0xEC6,0x82
0xEC7,0x80
0xEC8,0x7E
0xEC9,0x7C
0xECA,0x7B
0xECB,0x7A
0xECC,0x7B
0xECD,0x7D
0xECE,0x80
0xECF,0x83
0xED0,0x86
0xED1,0x89
0xED2,0x8B
0xED3,0x8C
0xED4,0x8E
0xED5,0x8E
0xED6,0x8E
0xED7,0x8E
0xED8,0x8D
0xED9,0x8D
0xEDA,0x8C
0xEDB,0x8B
0xEDC,0x8A
0xEDD,0x88
0xEDE,0x86
0xEDF,0x85
0xEE0,0x83
0xEE1,0x83
0xEE2,0x83
0xEE3,0x84
0xEE4,0x86
0xEE5,0x87
0xEE6,0x88
0xEE7,0x89
0xEE8,0x8A
0xEE9,0x8B
0xEEA,0x8C
0xEEB,0x8D
0xEEC,0x8D
0xEED,0x8D
0xEEE,0x8C
0xEEF,0x8C
0xEF0,0x8C
0xEF1,0x8D
0xEF2,0x8E
0xEF3,0x90
0xEF4,0x91
0xEF5,0x91
0xEF6,0x91
0xEF7,0x90
0xEF8,0x8F
0xEF9,0x8E
0xEFA,0x8D
0xEFB,0x8D
0xEFC,0x8C
0xEFD,0x8B
0xEFE,0x8A
0xEFF,0x89
0xF00,0x89
0xF01,0x8A
0xF02,0x8C
0xF03,0x90
0xF04,0x94
0xF05,0x97
0xF06,0x99
0xF07,0x9A
0xF08,0x9B
0xF09,0x9B
0xF0A,0x9B
0xF0B,0x9B
0xF0C,0x9C
0xF0D,0x9E
0xF0E,0x9F
0xF0F,0xA1
0xF10,0xA2
0xF11,0xA2
0xF12,0xA2
0xF13,0xA1
0xF14,0x9F
0xF15,0x9E
0xF16,0x9D
0xF17,0x9C
0xF18,0x9B
0xF19,0x99
0xF1A,0x96
0xF1B,0x92
0xF1C,0x8D
0xF1D,0x88
0xF1E,0x84
0xF1F,0x81
0xF20,0x7E
0xF21,0x7B
0xF22,0x78
0xF23,0x73
0xF24,0x6C
0xF25,0x65
0xF26,0x5E
0xF27,0x58
0xF28,0x53
0xF29,0x50
0xF2A,0x4E
0xF2B,0x4D
0xF2C,0x4D
0xF2D,0x4D
0xF2E,0x4D
0xF2F,0x4D
0xF30,0x4D
0xF31,0x4D
0xF32,0x4E
0xF33,0x4F
0xF34,0x51
0xF35,0x52
0xF36,0x53
0xF37,0x54
0xF38,0x55
0xF39,0x56
0xF3A,0x58
0xF3B,0x5B
0xF3C,0x5E
0xF3D,0x63
0xF3E,0x67
0xF3F,0x6B
0xF40,0x6F
0xF41,0x73
0xF42,0x77
0xF43,0x7C
0xF44,0x82
0xF45,0x87
0xF46,0x8D
0xF47,0x91
0xF48,0x94
0xF49,0x94
0xF4A,0x93
0xF4B,0x91
0xF4C,0x8E
0xF4D,0x8B
0xF4E,0x89
0xF4F,0x89
0xF50,0x8A
0xF51,0x8B
0xF52,0x8D
0xF53,0x8E
0xF54,0x8E
0xF55,0x8D
0xF56,0x8C
0xF57,0x8B
0xF58,0x8A
0xF59,0x88
0xF5A,0x88
0xF5B,0x88
0xF5C,0x89
0xF5D,0x8A
0xF5E,0x8D
0xF5F,0x91
0xF60,0x96
0xF61,0x9A
0xF62,0x9D
0xF63,0x9E
0xF64,0x9E
0xF65,0x9C
0xF66,0x9A
0xF67,0x97
0xF68,0x94
0xF69,0x92
0xF6A,0x90
0xF6B,0x8E
0xF6C,0x8D
0xF6D,0x8D
0xF6E,0x8D
0xF6F,0x8D
0xF70,0x8D
0xF71,0x8C
0xF72,0x8C
0xF73,0x8B
0xF74,0x8A
0xF75,0x8A
0xF76,0x8A
0xF77,0x8A
0xF78,0x89
0xF79,0x87
0xF7A,0x84
0xF7B,0x80
0xF7C,0x7B
0xF7D,0x74
0xF7E,0x6D
0xF7F,0x64
0xF80,0x5C
0xF81,0x55
0xF82,0x50
0xF83,0x4C
0xF84,0x4B
0xF85,0x4A
0xF86,0x4B
0xF87,0x4D
0xF88,0x4F
0xF89,0x51
0xF8A,0x54
0xF8B,0x58
0xF8C,0x5D
0xF8D,0x63
0xF8E,0x69
0xF8F,0x70
0xF90,0x76
0xF91,0x7B
0xF92,0x7F
0xF93,0x82
0xF94,0x84
0xF95,0x86
0xF96,0x88
0xF97,0x88
0xF98,0x88
0xF99,0x87
0xF9A,0x86
0xF9B,0x84
0xF9C,0x82
0xF9D,0x80
0xF9E,0x7F
0xF9F,0x7F
0xFA0,0x7F
0xFA1,0x7E
0xFA2,0x7D
0xFA3,0x7B
0xFA4,0x78
0xFA5,0x75
0xFA6,0x73
0xFA7,0x71
0xFA8,0x70
0xFA9,0x70
0xFAA,0x70
0xFAB,0x72
0xFAC,0x73
0xFAD,0x74
0xFAE,0x74
0xFAF,0x74
0xFB0,0x73
0xFB1,0x73
0xFB2,0x73
0xFB3,0x74
0xFB4,0x75
0xFB5,0x76
0xFB6,0x77
0xFB7,0x76
0xFB8,0x74
0xFB9,0x71
0xFBA,0x6F
0xFBB,0x6D
0xFBC,0x6D
0xFBD,0x6F
0xFBE,0x72
0xFBF,0x76
0xFC0,0x7A
0xFC1,0x7E
0xFC2,0x83
0xFC3,0x88
0xFC4,0x8E
0xFC5,0x93
0xFC6,0x98
0xFC7,0x9C
0xFC8,0x9F
0xFC9,0xA1
0xFCA,0xA2
0xFCB,0xA2
0xFCC,0xA2
0xFCD,0xA1
0xFCE,0xA0
0xFCF,0x9E
0xFD0,0x9D
0xFD1,0x9A
0xFD2,0x97
0xFD3,0x93
0xFD4,0x8F
0xFD5,0x8A
0xFD6,0x86
0xFD7,0x83
0xFD8,0x80
0xFD9,0x7F
0xFDA,0x7F
0xFDB,0x7F
0xFDC,0x81
0xFDD,0x82
0xFDE,0x83
0xFDF,0x85
0xFE0,0x87
0xFE1,0x89
0xFE2,0x8C
0xFE3,0x8E
0xFE4,0x90
0xFE5,0x91
0xFE6,0x91
0xFE7,0x91
0xFE8,0x91
0xFE9,0x90
0xFEA,0x90
0xFEB,0x8F
0xFEC,0x8D
0xFED,0x8B
0xFEE,0x89
0xFEF,0x88
0xFF0,0x87
0xFF1,0x87
0xFF2,0x88
0xFF3,0x89
0xFF4,0x8A
0xFF5,0x8C
0xFF6,0x8C
0xFF7,0x8C
0xFF8,0x8C
0xFF9,0x8C
0xFFA,0x8D
0xFFB,0x8E
0xFFC,0x8F
0xFFD,0x8F
0xFFE,0x8F
0xFFF,0x8F