ADDR,DATA
0x0000,0x8100
0x0001,0x8090
0x0002,0x7F80
0x0003,0x7E10
0x0004,0x7CC0
0x0005,0x7BE0
0x0006,0x7B20
0x0007,0x7A20
0x0008,0x7810
0x0009,0x7440
0x000A,0x6E90
0x000B,0x67E0
0x000C,0x6170
0x000D,0x5CA0
0x000E,0x59B0
0x000F,0x5860
0x0010,0x5860
0x0011,0x5920
0x0012,0x5A00
0x0013,0x5A70
0x0014,0x5B70
0x0015,0x5DC0
0x0016,0x62A0
0x0017,0x6970
0x0018,0x71F0
0x0019,0x7A40
0x001A,0x82C0
0x001B,0x8AF0
0x001C,0x9260
0x001D,0x98A0
0x001E,0x9D10
0x001F,0x9EF0
0x0020,0x9DC0
0x0021,0x9980
0x0022,0x9340
0x0023,0x8CB0
0x0024,0x87E0
0x0025,0x8580
0x0026,0x8640
0x0027,0x8930
0x0028,0x8D40
0x0029,0x9180
0x002A,0x9520
0x002B,0x9860
0x002C,0x9B20
0x002D,0x9D10
0x002E,0x9DA0
0x002F,0x9D50
0x0030,0x9D30
0x0031,0x9E30
0x0032,0xA170
0x0033,0xA720
0x0034,0xAEB0
0x0035,0xB600
0x0036,0xBB70
0x0037,0xBEA0
0x0038,0xBF60
0x0039,0xBE60
0x003A,0xBB70
0x003B,0xB730
0x003C,0xB210
0x003D,0xAC10
0x003E,0xA4F0
0x003F,0x9C30
0x0040,0x9260
0x0041,0x8950
0x0042,0x8350
0x0043,0x8190
0x0044,0x8370
0x0045,0x8740
0x0046,0x8B60
0x0047,0x8E20
0x0048,0x8EB0
0x0049,0x8D60
0x004A,0x8B30
0x004B,0x8930
0x004C,0x8800
0x004D,0x8850
0x004E,0x89E0
0x004F,0x8B80
0x0050,0x8B10
0x0051,0x8770
0x0052,0x8020
0x0053,0x76C0
0x0054,0x6CD0
0x0055,0x63F0
0x0056,0x5C30
0x0057,0x5650
0x0058,0x5260
0x0059,0x50C0
0x005A,0x51A0
0x005B,0x5500
0x005C,0x5A70
0x005D,0x61C0
0x005E,0x6900
0x005F,0x6F30
0x0060,0x7360
0x0061,0x7600
0x0062,0x7710
0x0063,0x7710
0x0064,0x7670
0x0065,0x7590
0x0066,0x7360
0x0067,0x7030
0x0068,0x6D20
0x0069,0x6B80
0x006A,0x6CD0
0x006B,0x7080
0x006C,0x7490
0x006D,0x77D0
0x006E,0x7990
0x006F,0x7C00
0x0070,0x8140
0x0071,0x8B60
0x0072,0x9AD0
0x0073,0xAF20
0x0074,0xC560
0x0075,0xDA20
0x0076,0xEA00
0x0077,0xF260
0x0078,0xF2D0
0x0079,0xECF0
0x007A,0xE290
0x007B,0xD500
0x007C,0xC5D0
0x007D,0xB5C0
0x007E,0xA680
0x007F,0x9980
0x0080,0x9000
0x0081,0x8A80
0x0082,0x8790
0x0083,0x8640
0x0084,0x8510
0x0085,0x84F0
0x0086,0x8640
0x0087,0x8A80
0x0088,0x91A0
0x0089,0x9A20
0x008A,0xA220
0x008B,0xA720
0x008C,0xA7B0
0x008D,0xA3A0
0x008E,0x9C30
0x008F,0x9320
0x0090,0x89E0
0x0091,0x8170
0x0092,0x7960
0x0093,0x7210
0x0094,0x6C10
0x0095,0x6890
0x0096,0x68C0
0x0097,0x6C90
0x0098,0x72F0
0x0099,0x7A90
0x009A,0x8100
0x009B,0x8540
0x009C,0x8700
0x009D,0x8720
0x009E,0x85D0
0x009F,0x83E0
0x00A0,0x8140
0x00A1,0x7DC0
0x00A2,0x78F0
0x00A3,0x72F0
0x00A4,0x6C60
0x00A5,0x6620
0x00A6,0x6060
0x00A7,0x5B70
0x00A8,0x56A0
0x00A9,0x51D0
0x00AA,0x4D70
0x00AB,0x49E0
0x00AC,0x4740
0x00AD,0x45B0
0x00AE,0x44D0
0x00AF,0x4430
0x00B0,0x4480
0x00B1,0x4540
0x00B2,0x4690
0x00B3,0x4820
0x00B4,0x4930
0x00B5,0x4820
0x00B6,0x4580
0x00B7,0x40E0
0x00B8,0x3B20
0x00B9,0x3570
0x00BA,0x3180
0x00BB,0x3030
0x00BC,0x3280
0x00BD,0x38B0
0x00BE,0x4120
0x00BF,0x4A50
0x00C0,0x52B0
0x00C1,0x5A00
0x00C2,0x60D0
0x00C3,0x6820
0x00C4,0x70F0
0x00C5,0x7B20
0x00C6,0x8660
0x00C7,0x9160
0x00C8,0x9A40
0x00C9,0x9FB0
0x00CA,0xA120
0x00CB,0x9EF0
0x00CC,0x9AB0
0x00CD,0x9570
0x00CE,0x9000
0x00CF,0x8AF0
0x00D0,0x86D0
0x00D1,0x83E0
0x00D2,0x81E0
0x00D3,0x8020
0x00D4,0x7F10
0x00D5,0x7E10
0x00D6,0x7D30
0x00D7,0x7D10
0x00D8,0x7DC0
0x00D9,0x7F60
0x00DA,0x8140
0x00DB,0x8250
0x00DC,0x8170
0x00DD,0x7E80
0x00DE,0x79D0
0x00DF,0x7490
0x00E0,0x6FA0
0x00E1,0x6BD0
0x00E2,0x69A0
0x00E3,0x6850
0x00E4,0x6770
0x00E5,0x65D0
0x00E6,0x63C0
0x00E7,0x6150
0x00E8,0x5F10
0x00E9,0x5DF0
0x00EA,0x5E80
0x00EB,0x6100
0x00EC,0x6580
0x00ED,0x6B80
0x00EE,0x72F0
0x00EF,0x7B90
0x00F0,0x84F0
0x00F1,0x8E20
0x00F2,0x9550
0x00F3,0x99F0
0x00F4,0x9C50
0x00F5,0x9D30
0x00F6,0x9D50
0x00F7,0x9E10
0x00F8,0xA090
0x00F9,0xA510
0x00FA,0xAB60
0x00FB,0xB2D0
0x00FC,0xBA40
0x00FD,0xC0B0
0x00FE,0xC530
0x00FF,0xC720
0x0100,0xC660
0x0101,0xC370
0x0102,0xBF60
0x0103,0xBC00
0x0104,0xBA20
0x0105,0xBA20
0x0106,0xBA60
0x0107,0xB9B0
0x0108,0xB670
0x0109,0xAFE0
0x010A,0xA6D0
0x010B,0x9C50
0x010C,0x91F0
0x010D,0x89C0
0x010E,0x8540
0x010F,0x8540
0x0110,0x8A80
0x0111,0x9440
0x0112,0xA100
0x0113,0xAF90
0x0114,0xBEA0
0x0115,0xCC80
0x0116,0xD810
0x0117,0xDF60
0x0118,0xE120
0x0119,0xDD50
0x011A,0xD520
0x011B,0xCAC0
0x011C,0xC090
0x011D,0xB6E0
0x011E,0xAE00
0x011F,0xA5A0
0x0120,0x9DF0
0x0121,0x96A0
0x0122,0x8F50
0x0123,0x8740
0x0124,0x7F10
0x0125,0x77F0
0x0126,0x73D0
0x0127,0x7490
0x0128,0x7B00
0x0129,0x86D0
0x012A,0x95C0
0x012B,0xA5D0
0x012C,0xB490
0x012D,0xBFD0
0x012E,0xC5F0
0x012F,0xC6B0
0x0130,0xC370
0x0131,0xBE30
0x0132,0xB7F0
0x0133,0xB0E0
0x0134,0xA970
0x0135,0xA200
0x0136,0x9A40
0x0137,0x9340
0x0138,0x8CF0
0x0139,0x8720
0x013A,0x81B0
0x013B,0x7C50
0x013C,0x76C0
0x013D,0x7180
0x013E,0x6C60
0x013F,0x6770
0x0140,0x62E0
0x0141,0x5FF0
0x0142,0x6040
0x0143,0x6510
0x0144,0x6EC0
0x0145,0x7BC0
0x0146,0x88C0
0x0147,0x9320
0x0148,0x97C0
0x0149,0x9600
0x014A,0x8E90
0x014B,0x8330
0x014C,0x7780
0x014D,0x6E50
0x014E,0x68C0
0x014F,0x6690
0x0150,0x65B0
0x0151,0x6430
0x0152,0x61C0
0x0153,0x5E10
0x0154,0x59D0
0x0155,0x5500
0x0156,0x5010
0x0157,0x4B80
0x0158,0x4820
0x0159,0x46B0
0x015A,0x47B0
0x015B,0x4A50
0x015C,0x4DB0
0x015D,0x4FC0
0x015E,0x4FA0
0x015F,0x4D00
0x0160,0x4870
0x0161,0x4310
0x0162,0x3DC0
0x0163,0x3960
0x0164,0x3610
0x0165,0x3360
0x0166,0x30F0
0x0167,0x2E90
0x0168,0x2D40
0x0169,0x2E90
0x016A,0x32B0
0x016B,0x3860
0x016C,0x3D80
0x016D,0x4000
0x016E,0x3F10
0x016F,0x3B90
0x0170,0x37A0
0x0171,0x3570
0x0172,0x3650
0x0173,0x3A40
0x0174,0x4000
0x0175,0x4640
0x0176,0x4C90
0x0177,0x5240
0x0178,0x56C0
0x0179,0x5A40
0x017A,0x5CA0
0x017B,0x5E60
0x017C,0x60D0
0x017D,0x6580
0x017E,0x6E70
0x017F,0x7CA0
0x0180,0x8F20
0x0181,0xA3C0
0x0182,0xB860
0x0183,0xC9C0
0x0184,0xD6A0
0x0185,0xDEC0
0x0186,0xE330
0x0187,0xE4A0
0x0188,0xE480
0x0189,0xE2C0
0x018A,0xDF40
0x018B,0xD9D0
0x018C,0xD310
0x018D,0xCBA0
0x018E,0xC560
0x018F,0xC100
0x0190,0xBF60
0x0191,0xC020
0x0192,0xC270
0x0193,0xC560
0x0194,0xC870
0x0195,0xCBD0
0x0196,0xCF20
0x0197,0xD1F0
0x0198,0xD310
0x0199,0xD110
0x019A,0xCBD0
0x019B,0xC350
0x019C,0xB7F0
0x019D,0xAAC0
0x019E,0x9C50
0x019F,0x8DB0
0x01A0,0x8020
0x01A1,0x7500
0x01A2,0x6DE0
0x01A3,0x6B60
0x01A4,0x6DE0
0x01A5,0x7400
0x01A6,0x7CA0
0x01A7,0x8540
0x01A8,0x8C80
0x01A9,0x91D0
0x01AA,0x94E0
0x01AB,0x9570
0x01AC,0x9490
0x01AD,0x91D0
0x01AE,0x8E20
0x01AF,0x89E0
0x01B0,0x8540
0x01B1,0x80B0
0x01B2,0x7CA0
0x01B3,0x78D0
0x01B4,0x74E0
0x01B5,0x6FE0
0x01B6,0x6970
0x01B7,0x60D0
0x01B8,0x5680
0x01B9,0x4B10
0x01BA,0x3FD0
0x01BB,0x35C0
0x01BC,0x2F30
0x01BD,0x2C20
0x01BE,0x2C20
0x01BF,0x2E00
0x01C0,0x3030
0x01C1,0x3160
0x01C2,0x30F0
0x01C3,0x2F50
0x01C4,0x2D20
0x01C5,0x2B40
0x01C6,0x2A30
0x01C7,0x2A30
0x01C8,0x2A80
0x01C9,0x2B10
0x01CA,0x2BD0
0x01CB,0x2C90
0x01CC,0x2D70
0x01CD,0x2F50
0x01CE,0x3280
0x01CF,0x3760
0x01D0,0x3D50
0x01D1,0x4410
0x01D2,0x4B10
0x01D3,0x5280
0x01D4,0x5A40
0x01D5,0x6230
0x01D6,0x69C0
0x01D7,0x7080
0x01D8,0x7600
0x01D9,0x7A40
0x01DA,0x7CC0
0x01DB,0x7D80
0x01DC,0x7CE0
0x01DD,0x7B70
0x01DE,0x7920
0x01DF,0x7750
0x01E0,0x76C0
0x01E1,0x7810
0x01E2,0x7BC0
0x01E3,0x8120
0x01E4,0x8700
0x01E5,0x8B80
0x01E6,0x8E40
0x01E7,0x8E70
0x01E8,0x8C60
0x01E9,0x8890
0x01EA,0x83E0
0x01EB,0x7F60
0x01EC,0x7B50
0x01ED,0x77F0
0x01EE,0x7590
0x01EF,0x73D0
0x01F0,0x72F0
0x01F1,0x72B0
0x01F2,0x72B0
0x01F3,0x7280
0x01F4,0x71F0
0x01F5,0x7110
0x01F6,0x6FE0
0x01F7,0x6EC0
0x01F8,0x6EE0
0x01F9,0x7210
0x01FA,0x78D0
0x01FB,0x8300
0x01FC,0x8FC0
0x01FD,0x9D10
0x01FE,0xA900
0x01FF,0xB280
0x0200,0x8100
0x0201,0x8090
0x0202,0x7F80
0x0203,0x7E10
0x0204,0x7CC0
0x0205,0x7BE0
0x0206,0x7B20
0x0207,0x7A20
0x0208,0x7810
0x0209,0x7440
0x020A,0x6E90
0x020B,0x67E0
0x020C,0x6170
0x020D,0x5CA0
0x020E,0x59B0
0x020F,0x5860
0x0210,0x5860
0x0211,0x5920
0x0212,0x5A00
0x0213,0x5A70
0x0214,0x5B70
0x0215,0x5DC0
0x0216,0x62A0
0x0217,0x6970
0x0218,0x71F0
0x0219,0x7A40
0x021A,0x82C0
0x021B,0x8AF0
0x021C,0x9260
0x021D,0x98A0
0x021E,0x9D10
0x021F,0x9EF0
0x0220,0x9DC0
0x0221,0x9980
0x0222,0x9340
0x0223,0x8CB0
0x0224,0x87E0
0x0225,0x8580
0x0226,0x8640
0x0227,0x8930
0x0228,0x8D40
0x0229,0x9180
0x022A,0x9520
0x022B,0x9860
0x022C,0x9B20
0x022D,0x9D10
0x022E,0x9DA0
0x022F,0x9D50
0x0230,0x9D30
0x0231,0x9E30
0x0232,0xA170
0x0233,0xA720
0x0234,0xAEB0
0x0235,0xB600
0x0236,0xBB70
0x0237,0xBEA0
0x0238,0xBF60
0x0239,0xBE60
0x023A,0xBB70
0x023B,0xB730
0x023C,0xB210
0x023D,0xAC10
0x023E,0xA4F0
0x023F,0x9C30
0x0240,0x9260
0x0241,0x8950
0x0242,0x8350
0x0243,0x8190
0x0244,0x8370
0x0245,0x8740
0x0246,0x8B60
0x0247,0x8E20
0x0248,0x8EB0
0x0249,0x8D60
0x024A,0x8B30
0x024B,0x8930
0x024C,0x8800
0x024D,0x8850
0x024E,0x89E0
0x024F,0x8B80
0x0250,0x8B10
0x0251,0x8770
0x0252,0x8020
0x0253,0x76C0
0x0254,0x6CD0
0x0255,0x63F0
0x0256,0x5C30
0x0257,0x5650
0x0258,0x5260
0x0259,0x50C0
0x025A,0x51A0
0x025B,0x5500
0x025C,0x5A70
0x025D,0x61C0
0x025E,0x6900
0x025F,0x6F30
0x0260,0x7360
0x0261,0x7600
0x0262,0x7710
0x0263,0x7710
0x0264,0x7670
0x0265,0x7590
0x0266,0x7360
0x0267,0x7030
0x0268,0x6D20
0x0269,0x6B80
0x026A,0x6CD0
0x026B,0x7080
0x026C,0x7490
0x026D,0x77D0
0x026E,0x7990
0x026F,0x7C00
0x0270,0x8140
0x0271,0x8B60
0x0272,0x9AD0
0x0273,0xAF20
0x0274,0xC560
0x0275,0xDA20
0x0276,0xEA00
0x0277,0xF260
0x0278,0xF2D0
0x0279,0xECF0
0x027A,0xE290
0x027B,0xD500
0x027C,0xC5D0
0x027D,0xB5C0
0x027E,0xA680
0x027F,0x9980
0x0280,0x9000
0x0281,0x8A80
0x0282,0x8790
0x0283,0x8640
0x0284,0x8510
0x0285,0x84F0
0x0286,0x8640
0x0287,0x8A80
0x0288,0x91A0
0x0289,0x9A20
0x028A,0xA220
0x028B,0xA720
0x028C,0xA7B0
0x028D,0xA3A0
0x028E,0x9C30
0x028F,0x9320
0x0290,0x89E0
0x0291,0x8170
0x0292,0x7960
0x0293,0x7210
0x0294,0x6C10
0x0295,0x6890
0x0296,0x68C0
0x0297,0x6C90
0x0298,0x72F0
0x0299,0x7A90
0x029A,0x8100
0x029B,0x8540
0x029C,0x8700
0x029D,0x8720
0x029E,0x85D0
0x029F,0x83E0
0x02A0,0x8140
0x02A1,0x7DC0
0x02A2,0x78F0
0x02A3,0x72F0
0x02A4,0x6C60
0x02A5,0x6620
0x02A6,0x6060
0x02A7,0x5B70
0x02A8,0x56A0
0x02A9,0x51D0
0x02AA,0x4D70
0x02AB,0x49E0
0x02AC,0x4740
0x02AD,0x45B0
0x02AE,0x44D0
0x02AF,0x4430
0x02B0,0x4480
0x02B1,0x4540
0x02B2,0x4690
0x02B3,0x4820
0x02B4,0x4930
0x02B5,0x4820
0x02B6,0x4580
0x02B7,0x40E0
0x02B8,0x3B20
0x02B9,0x3570
0x02BA,0x3180
0x02BB,0x3030
0x02BC,0x3280
0x02BD,0x38B0
0x02BE,0x4120
0x02BF,0x4A50
0x02C0,0x52B0
0x02C1,0x5A00
0x02C2,0x60D0
0x02C3,0x6820
0x02C4,0x70F0
0x02C5,0x7B20
0x02C6,0x8660
0x02C7,0x9160
0x02C8,0x9A40
0x02C9,0x9FB0
0x02CA,0xA120
0x02CB,0x9EF0
0x02CC,0x9AB0
0x02CD,0x9570
0x02CE,0x9000
0x02CF,0x8AF0
0x02D0,0x86D0
0x02D1,0x83E0
0x02D2,0x81E0
0x02D3,0x8020
0x02D4,0x7F10
0x02D5,0x7E10
0x02D6,0x7D30
0x02D7,0x7D10
0x02D8,0x7DC0
0x02D9,0x7F60
0x02DA,0x8140
0x02DB,0x8250
0x02DC,0x8170
0x02DD,0x7E80
0x02DE,0x79D0
0x02DF,0x7490
0x02E0,0x6FA0
0x02E1,0x6BD0
0x02E2,0x69A0
0x02E3,0x6850
0x02E4,0x6770
0x02E5,0x65D0
0x02E6,0x63C0
0x02E7,0x6150
0x02E8,0x5F10
0x02E9,0x5DF0
0x02EA,0x5E80
0x02EB,0x6100
0x02EC,0x6580
0x02ED,0x6B80
0x02EE,0x72F0
0x02EF,0x7B90
0x02F0,0x84F0
0x02F1,0x8E20
0x02F2,0x9550
0x02F3,0x99F0
0x02F4,0x9C50
0x02F5,0x9D30
0x02F6,0x9D50
0x02F7,0x9E10
0x02F8,0xA090
0x02F9,0xA510
0x02FA,0xAB60
0x02FB,0xB2D0
0x02FC,0xBA40
0x02FD,0xC0B0
0x02FE,0xC530
0x02FF,0xC720
0x0300,0xC660
0x0301,0xC370
0x0302,0xBF60
0x0303,0xBC00
0x0304,0xBA20
0x0305,0xBA20
0x0306,0xBA60
0x0307,0xB9B0
0x0308,0xB670
0x0309,0xAFE0
0x030A,0xA6D0
0x030B,0x9C50
0x030C,0x91F0
0x030D,0x89C0
0x030E,0x8540
0x030F,0x8540
0x0310,0x8A80
0x0311,0x9440
0x0312,0xA100
0x0313,0xAF90
0x0314,0xBEA0
0x0315,0xCC80
0x0316,0xD810
0x0317,0xDF60
0x0318,0xE120
0x0319,0xDD50
0x031A,0xD520
0x031B,0xCAC0
0x031C,0xC090
0x031D,0xB6E0
0x031E,0xAE00
0x031F,0xA5A0
0x0320,0x9DF0
0x0321,0x96A0
0x0322,0x8F50
0x0323,0x8740
0x0324,0x7F10
0x0325,0x77F0
0x0326,0x73D0
0x0327,0x7490
0x0328,0x7B00
0x0329,0x86D0
0x032A,0x95C0
0x032B,0xA5D0
0x032C,0xB490
0x032D,0xBFD0
0x032E,0xC5F0
0x032F,0xC6B0
0x0330,0xC370
0x0331,0xBE30
0x0332,0xB7F0
0x0333,0xB0E0
0x0334,0xA970
0x0335,0xA200
0x0336,0x9A40
0x0337,0x9340
0x0338,0x8CF0
0x0339,0x8720
0x033A,0x81B0
0x033B,0x7C50
0x033C,0x76C0
0x033D,0x7180
0x033E,0x6C60
0x033F,0x6770
0x0340,0x62E0
0x0341,0x5FF0
0x0342,0x6040
0x0343,0x6510
0x0344,0x6EC0
0x0345,0x7BC0
0x0346,0x88C0
0x0347,0x9320
0x0348,0x97C0
0x0349,0x9600
0x034A,0x8E90
0x034B,0x8330
0x034C,0x7780
0x034D,0x6E50
0x034E,0x68C0
0x034F,0x6690
0x0350,0x65B0
0x0351,0x6430
0x0352,0x61C0
0x0353,0x5E10
0x0354,0x59D0
0x0355,0x5500
0x0356,0x5010
0x0357,0x4B80
0x0358,0x4820
0x0359,0x46B0
0x035A,0x47B0
0x035B,0x4A50
0x035C,0x4DB0
0x035D,0x4FC0
0x035E,0x4FA0
0x035F,0x4D00
0x0360,0x4870
0x0361,0x4310
0x0362,0x3DC0
0x0363,0x3960
0x0364,0x3610
0x0365,0x3360
0x0366,0x30F0
0x0367,0x2E90
0x0368,0x2D40
0x0369,0x2E90
0x036A,0x32B0
0x036B,0x3860
0x036C,0x3D80
0x036D,0x4000
0x036E,0x3F10
0x036F,0x3B90
0x0370,0x37A0
0x0371,0x3570
0x0372,0x3650
0x0373,0x3A40
0x0374,0x4000
0x0375,0x4640
0x0376,0x4C90
0x0377,0x5240
0x0378,0x56C0
0x0379,0x5A40
0x037A,0x5CA0
0x037B,0x5E60
0x037C,0x60D0
0x037D,0x6580
0x037E,0x6E70
0x037F,0x7CA0
0x0380,0x8F20
0x0381,0xA3C0
0x0382,0xB860
0x0383,0xC9C0
0x0384,0xD6A0
0x0385,0xDEC0
0x0386,0xE330
0x0387,0xE4A0
0x0388,0xE480
0x0389,0xE2C0
0x038A,0xDF40
0x038B,0xD9D0
0x038C,0xD310
0x038D,0xCBA0
0x038E,0xC560
0x038F,0xC100
0x0390,0xBF60
0x0391,0xC020
0x0392,0xC270
0x0393,0xC560
0x0394,0xC870
0x0395,0xCBD0
0x0396,0xCF20
0x0397,0xD1F0
0x0398,0xD310
0x0399,0xD110
0x039A,0xCBD0
0x039B,0xC350
0x039C,0xB7F0
0x039D,0xAAC0
0x039E,0x9C50
0x039F,0x8DB0
0x03A0,0x8020
0x03A1,0x7500
0x03A2,0x6DE0
0x03A3,0x6B60
0x03A4,0x6DE0
0x03A5,0x7400
0x03A6,0x7CA0
0x03A7,0x8540
0x03A8,0x8C80
0x03A9,0x91D0
0x03AA,0x94E0
0x03AB,0x9570
0x03AC,0x9490
0x03AD,0x91D0
0x03AE,0x8E20
0x03AF,0x89E0
0x03B0,0x8540
0x03B1,0x80B0
0x03B2,0x7CA0
0x03B3,0x78D0
0x03B4,0x74E0
0x03B5,0x6FE0
0x03B6,0x6970
0x03B7,0x60D0
0x03B8,0x5680
0x03B9,0x4B10
0x03BA,0x3FD0
0x03BB,0x35C0
0x03BC,0x2F30
0x03BD,0x2C20
0x03BE,0x2C20
0x03BF,0x2E00
0x03C0,0x3030
0x03C1,0x3160
0x03C2,0x30F0
0x03C3,0x2F50
0x03C4,0x2D20
0x03C5,0x2B40
0x03C6,0x2A30
0x03C7,0x2A30
0x03C8,0x2A80
0x03C9,0x2B10
0x03CA,0x2BD0
0x03CB,0x2C90
0x03CC,0x2D70
0x03CD,0x2F50
0x03CE,0x3280
0x03CF,0x3760
0x03D0,0x3D50
0x03D1,0x4410
0x03D2,0x4B10
0x03D3,0x5280
0x03D4,0x5A40
0x03D5,0x6230
0x03D6,0x69C0
0x03D7,0x7080
0x03D8,0x7600
0x03D9,0x7A40
0x03DA,0x7CC0
0x03DB,0x7D80
0x03DC,0x7CE0
0x03DD,0x7B70
0x03DE,0x7920
0x03DF,0x7750
0x03E0,0x76C0
0x03E1,0x7810
0x03E2,0x7BC0
0x03E3,0x8120
0x03E4,0x8700
0x03E5,0x8B80
0x03E6,0x8E40
0x03E7,0x8E70
0x03E8,0x8C60
0x03E9,0x8890
0x03EA,0x83E0
0x03EB,0x7F60
0x03EC,0x7B50
0x03ED,0x77F0
0x03EE,0x7590
0x03EF,0x73D0
0x03F0,0x72F0
0x03F1,0x72B0
0x03F2,0x72B0
0x03F3,0x7280
0x03F4,0x71F0
0x03F5,0x7110
0x03F6,0x6FE0
0x03F7,0x6EC0
0x03F8,0x6EE0
0x03F9,0x7210
0x03FA,0x78D0
0x03FB,0x8300
0x03FC,0x8FC0
0x03FD,0x9D10
0x03FE,0xA900
0x03FF,0xB280
0x0400,0x9BE0
0x0401,0x9AB0
0x0402,0x9710
0x0403,0x91A0
0x0404,0x8BD0
0x0405,0x8740
0x0406,0x84C0
0x0407,0x8450
0x0408,0x85D0
0x0409,0x87B0
0x040A,0x8900
0x040B,0x8870
0x040C,0x8580
0x040D,0x8040
0x040E,0x7A00
0x040F,0x7390
0x0410,0x6E90
0x0411,0x6B10
0x0412,0x6900
0x0413,0x6790
0x0414,0x6620
0x0415,0x6540
0x0416,0x6560
0x0417,0x6700
0x0418,0x6A50
0x0419,0x6EE0
0x041A,0x73D0
0x041B,0x78D0
0x041C,0x7DC0
0x041D,0x8250
0x041E,0x8720
0x041F,0x8C80
0x0420,0x9280
0x0421,0x98F0
0x0422,0x9F40
0x0423,0xA560
0x0424,0xAAC0
0x0425,0xAE70
0x0426,0xAFE0
0x0427,0xAEE0
0x0428,0xAC60
0x0429,0xAA80
0x042A,0xAB30
0x042B,0xB000
0x042C,0xB960
0x042D,0xC610
0x042E,0xD420
0x042F,0xE040
0x0430,0xE6F0
0x0431,0xE7B0
0x0432,0xE300
0x0433,0xDAB0
0x0434,0xD0C0
0x0435,0xC6B0
0x0436,0xBD00
0x0437,0xB390
0x0438,0xA9A0
0x0439,0xA020
0x043A,0x97F0
0x043B,0x9240
0x043C,0x8F70
0x043D,0x8F20
0x043E,0x8FC0
0x043F,0x9160
0x0440,0x9420
0x0441,0x98F0
0x0442,0xA090
0x0443,0xAA30
0x0444,0xB600
0x0445,0xC270
0x0446,0xCE70
0x0447,0xD7F0
0x0448,0xDDC0
0x0449,0xDEF0
0x044A,0xDA40
0x044B,0xCF90
0x044C,0xBEF0
0x044D,0xA9A0
0x044E,0x9240
0x044F,0x7C00
0x0450,0x6A50
0x0451,0x5FB0
0x0452,0x5C70
0x0453,0x5EA0
0x0454,0x6410
0x0455,0x69E0
0x0456,0x6E90
0x0457,0x71F0
0x0458,0x7490
0x0459,0x7750
0x045A,0x7A90
0x045B,0x7E80
0x045C,0x83A0
0x045D,0x8970
0x045E,0x9030
0x045F,0x9780
0x0460,0x9E10
0x0461,0xA300
0x0462,0xA480
0x0463,0xA190
0x0464,0x9A40
0x0465,0x8F90
0x0466,0x8330
0x0467,0x76C0
0x0468,0x6BA0
0x0469,0x62A0
0x046A,0x5C30
0x046B,0x5810
0x046C,0x5610
0x046D,0x5610
0x046E,0x5760
0x046F,0x58D0
0x0470,0x5960
0x0471,0x5840
0x0472,0x55C0
0x0473,0x52F0
0x0474,0x51A0
0x0475,0x5260
0x0476,0x5650
0x0477,0x5CE0
0x0478,0x64D0
0x0479,0x6C60
0x047A,0x71A0
0x047B,0x72D0
0x047C,0x6F70
0x047D,0x6890
0x047E,0x5FD0
0x047F,0x57D0
0x0480,0x51F0
0x0481,0x4FE0
0x0482,0x5180
0x0483,0x5610
0x0484,0x5C50
0x0485,0x6270
0x0486,0x66B0
0x0487,0x67B0
0x0488,0x6540
0x0489,0x5FF0
0x048A,0x5940
0x048B,0x5280
0x048C,0x4D20
0x048D,0x49C0
0x048E,0x4870
0x048F,0x4820
0x0490,0x4820
0x0491,0x4790
0x0492,0x4620
0x0493,0x4410
0x0494,0x4150
0x0495,0x3DC0
0x0496,0x3A40
0x0497,0x3680
0x0498,0x3360
0x0499,0x31A0
0x049A,0x31A0
0x049B,0x3390
0x049C,0x36C0
0x049D,0x3A70
0x049E,0x3D30
0x049F,0x3DF0
0x04A0,0x3CA0
0x04A1,0x3920
0x04A2,0x3400
0x04A3,0x2DE0
0x04A4,0x2770
0x04A5,0x2190
0x04A6,0x1C70
0x04A7,0x17D0
0x04A8,0x13E0
0x04A9,0x1180
0x04AA,0x12B0
0x04AB,0x1880
0x04AC,0x23C0
0x04AD,0x32F0
0x04AE,0x4580
0x04AF,0x59D0
0x04B0,0x6FA0
0x04B1,0x85D0
0x04B2,0x9B40
0x04B3,0xAF50
0x04B4,0xC120
0x04B5,0xCEE0
0x04B6,0xD8D0
0x04B7,0xDEA0
0x04B8,0xE090
0x04B9,0xDF10
0x04BA,0xDA90
0x04BB,0xD500
0x04BC,0xCF00
0x04BD,0xCAC0
0x04BE,0xC9C0
0x04BF,0xCC60
0x04C0,0xD2F0
0x04C1,0xDCC0
0x04C2,0xE820
0x04C3,0xF280
0x04C4,0xF960
0x04C5,0xFB90
0x04C6,0xF8F0
0x04C7,0xF260
0x04C8,0xEA00
0x04C9,0xE100
0x04CA,0xD7F0
0x04CB,0xCF90
0x04CC,0xC800
0x04CD,0xC140
0x04CE,0xBB20
0x04CF,0xB590
0x04D0,0xB0A0
0x04D1,0xAC10
0x04D2,0xA870
0x04D3,0xA5D0
0x04D4,0xA450
0x04D5,0xA3E0
0x04D6,0xA4A0
0x04D7,0xA680
0x04D8,0xA9E0
0x04D9,0xAE40
0x04DA,0xB360
0x04DB,0xB8A0
0x04DC,0xBDA0
0x04DD,0xC1B0
0x04DE,0xC3A0
0x04DF,0xC290
0x04E0,0xBE10
0x04E1,0xB5E0
0x04E2,0xAB60
0x04E3,0x9F60
0x04E4,0x9340
0x04E5,0x8820
0x04E6,0x7E10
0x04E7,0x74B0
0x04E8,0x6C90
0x04E9,0x6560
0x04EA,0x5ED0
0x04EB,0x58B0
0x04EC,0x52B0
0x04ED,0x4D00
0x04EE,0x4850
0x04EF,0x4540
0x04F0,0x43F0
0x04F1,0x43F0
0x04F2,0x44F0
0x04F3,0x4660
0x04F4,0x4720
0x04F5,0x45D0
0x04F6,0x4190
0x04F7,0x39B0
0x04F8,0x2FA0
0x04F9,0x2540
0x04FA,0x1D10
0x04FB,0x1880
0x04FC,0x1860
0x04FD,0x1CC0
0x04FE,0x24F0
0x04FF,0x2F50
0x0500,0x3AB0
0x0501,0x4430
0x0502,0x4BD0
0x0503,0x50C0
0x0504,0x53B0
0x0505,0x5650
0x0506,0x59D0
0x0507,0x5FD0
0x0508,0x6820
0x0509,0x7210
0x050A,0x7BC0
0x050B,0x8410
0x050C,0x8A50
0x050D,0x8E40
0x050E,0x8FC0
0x050F,0x8F90
0x0510,0x8E90
0x0511,0x8D90
0x0512,0x8CB0
0x0513,0x8C10
0x0514,0x8C40
0x0515,0x8D20
0x0516,0x8E70
0x0517,0x8F90
0x0518,0x90A0
0x0519,0x9080
0x051A,0x8F20
0x051B,0x8BF0
0x051C,0x86D0
0x051D,0x8020
0x051E,0x7880
0x051F,0x7080
0x0520,0x68E0
0x0521,0x6270
0x0522,0x5E60
0x0523,0x5CC0
0x0524,0x5D50
0x0525,0x5F40
0x0526,0x6090
0x0527,0x6020
0x0528,0x5DF0
0x0529,0x5B90
0x052A,0x5BE0
0x052B,0x6090
0x052C,0x6A80
0x052D,0x77F0
0x052E,0x8640
0x052F,0x92D0
0x0530,0x9B90
0x0531,0x9F60
0x0532,0x9EA0
0x0533,0x9A90
0x0534,0x9520
0x0535,0x9080
0x0536,0x8DB0
0x0537,0x8E00
0x0538,0x91F0
0x0539,0x9910
0x053A,0xA3A0
0x053B,0xAF90
0x053C,0xBBB0
0x053D,0xC680
0x053E,0xCF00
0x053F,0xD440
0x0540,0xD6A0
0x0541,0xD670
0x0542,0xD440
0x0543,0xCFE0
0x0544,0xC9C0
0x0545,0xC1E0
0x0546,0xB940
0x0547,0xB0A0
0x0548,0xA870
0x0549,0xA0D0
0x054A,0x9960
0x054B,0x91A0
0x054C,0x88E0
0x054D,0x8090
0x054E,0x7A70
0x054F,0x7860
0x0550,0x7C70
0x0551,0x8720
0x0552,0x9730
0x0553,0xAA10
0x0554,0xBC90
0x0555,0xCBA0
0x0556,0xD570
0x0557,0xD960
0x0558,0xD780
0x0559,0xD050
0x055A,0xC510
0x055B,0xB6C0
0x055C,0xA720
0x055D,0x97C0
0x055E,0x89E0
0x055F,0x7E10
0x0560,0x73D0
0x0561,0x6B60
0x0562,0x6480
0x0563,0x5F80
0x0564,0x5D10
0x0565,0x5CC0
0x0566,0x5ED0
0x0567,0x62C0
0x0568,0x67E0
0x0569,0x6D70
0x056A,0x7360
0x056B,0x7A00
0x056C,0x8120
0x056D,0x8950
0x056E,0x91A0
0x056F,0x99B0
0x0570,0x9FB0
0x0571,0xA2C0
0x0572,0xA170
0x0573,0x9C30
0x0574,0x93B0
0x0575,0x8970
0x0576,0x7F40
0x0577,0x7670
0x0578,0x6FE0
0x0579,0x6BF0
0x057A,0x69E0
0x057B,0x68E0
0x057C,0x6800
0x057D,0x65F0
0x057E,0x62C0
0x057F,0x5EA0
0x0580,0x5B00
0x0581,0x58D0
0x0582,0x58D0
0x0583,0x5C00
0x0584,0x6250
0x0585,0x6AC0
0x0586,0x73B0
0x0587,0x7A90
0x0588,0x7EA0
0x0589,0x7F40
0x058A,0x7D30
0x058B,0x7860
0x058C,0x7280
0x058D,0x6C90
0x058E,0x6850
0x058F,0x65F0
0x0590,0x6620
0x0591,0x6820
0x0592,0x6B60
0x0593,0x6F50
0x0594,0x72B0
0x0595,0x7490
0x0596,0x7420
0x0597,0x7130
0x0598,0x6C10
0x0599,0x6660
0x059A,0x6200
0x059B,0x6090
0x059C,0x61E0
0x059D,0x64A0
0x059E,0x6700
0x059F,0x67B0
0x05A0,0x65F0
0x05A1,0x6230
0x05A2,0x5C50
0x05A3,0x5570
0x05A4,0x4E00
0x05A5,0x4790
0x05A6,0x42E0
0x05A7,0x4040
0x05A8,0x3F60
0x05A9,0x4020
0x05AA,0x4230
0x05AB,0x4540
0x05AC,0x48E0
0x05AD,0x4BF0
0x05AE,0x4E00
0x05AF,0x4D90
0x05B0,0x4B40
0x05B1,0x4720
0x05B2,0x41C0
0x05B3,0x3AB0
0x05B4,0x32F0
0x05B5,0x2AD0
0x05B6,0x2350
0x05B7,0x1D10
0x05B8,0x1920
0x05B9,0x17F0
0x05BA,0x19B0
0x05BB,0x1DF0
0x05BC,0x2580
0x05BD,0x3030
0x05BE,0x3E80
0x05BF,0x5160
0x05C0,0x67E0
0x05C1,0x80D0
0x05C2,0x99F0
0x05C3,0xB0C0
0x05C4,0xC290
0x05C5,0xCE40
0x05C6,0xD400
0x05C7,0xD490
0x05C8,0xD230
0x05C9,0xCEE0
0x05CA,0xCC10
0x05CB,0xCAF0
0x05CC,0xCC80
0x05CD,0xD130
0x05CE,0xD810
0x05CF,0xDFB0
0x05D0,0xE660
0x05D1,0xEB80
0x05D2,0xEEE0
0x05D3,0xF070
0x05D4,0xF0E0
0x05D5,0xEFE0
0x05D6,0xEDB0
0x05D7,0xEA80
0x05D8,0xE610
0x05D9,0xE100
0x05DA,0xDB00
0x05DB,0xD420
0x05DC,0xCCF0
0x05DD,0xC560
0x05DE,0xBDA0
0x05DF,0xB520
0x05E0,0xACB0
0x05E1,0xA480
0x05E2,0x9D50
0x05E3,0x97C0
0x05E4,0x9490
0x05E5,0x93B0
0x05E6,0x94B0
0x05E7,0x96E0
0x05E8,0x99B0
0x05E9,0x9D50
0x05EA,0xA170
0x05EB,0xA530
0x05EC,0xA800
0x05ED,0xA930
0x05EE,0xA890
0x05EF,0xA660
0x05F0,0xA300
0x05F1,0x9E60
0x05F2,0x9810
0x05F3,0x9080
0x05F4,0x8790
0x05F5,0x7DF0
0x05F6,0x7420
0x05F7,0x6AF0
0x05F8,0x6200
0x05F9,0x5A20
0x05FA,0x5320
0x05FB,0x4D20
0x05FC,0x4890
0x05FD,0x4560
0x05FE,0x43C0
0x05FF,0x43A0
0x0600,0x9BE0
0x0601,0x9AB0
0x0602,0x9710
0x0603,0x91A0
0x0604,0x8BD0
0x0605,0x8740
0x0606,0x84C0
0x0607,0x8450
0x0608,0x85D0
0x0609,0x87B0
0x060A,0x8900
0x060B,0x8870
0x060C,0x8580
0x060D,0x8040
0x060E,0x7A00
0x060F,0x7390
0x0610,0x6E90
0x0611,0x6B10
0x0612,0x6900
0x0613,0x6790
0x0614,0x6620
0x0615,0x6540
0x0616,0x6560
0x0617,0x6700
0x0618,0x6A50
0x0619,0x6EE0
0x061A,0x73D0
0x061B,0x78D0
0x061C,0x7DC0
0x061D,0x8250
0x061E,0x8720
0x061F,0x8C80
0x0620,0x9280
0x0621,0x98F0
0x0622,0x9F40
0x0623,0xA560
0x0624,0xAAC0
0x0625,0xAE70
0x0626,0xAFE0
0x0627,0xAEE0
0x0628,0xAC60
0x0629,0xAA80
0x062A,0xAB30
0x062B,0xB000
0x062C,0xB960
0x062D,0xC610
0x062E,0xD420
0x062F,0xE040
0x0630,0xE6F0
0x0631,0xE7B0
0x0632,0xE300
0x0633,0xDAB0
0x0634,0xD0C0
0x0635,0xC6B0
0x0636,0xBD00
0x0637,0xB390
0x0638,0xA9A0
0x0639,0xA020
0x063A,0x97F0
0x063B,0x9240
0x063C,0x8F70
0x063D,0x8F20
0x063E,0x8FC0
0x063F,0x9160
0x0640,0x9420
0x0641,0x98F0
0x0642,0xA090
0x0643,0xAA30
0x0644,0xB600
0x0645,0xC270
0x0646,0xCE70
0x0647,0xD7F0
0x0648,0xDDC0
0x0649,0xDEF0
0x064A,0xDA40
0x064B,0xCF90
0x064C,0xBEF0
0x064D,0xA9A0
0x064E,0x9240
0x064F,0x7C00
0x0650,0x6A50
0x0651,0x5FB0
0x0652,0x5C70
0x0653,0x5EA0
0x0654,0x6410
0x0655,0x69E0
0x0656,0x6E90
0x0657,0x71F0
0x0658,0x7490
0x0659,0x7750
0x065A,0x7A90
0x065B,0x7E80
0x065C,0x83A0
0x065D,0x8970
0x065E,0x9030
0x065F,0x9780
0x0660,0x9E10
0x0661,0xA300
0x0662,0xA480
0x0663,0xA190
0x0664,0x9A40
0x0665,0x8F90
0x0666,0x8330
0x0667,0x76C0
0x0668,0x6BA0
0x0669,0x62A0
0x066A,0x5C30
0x066B,0x5810
0x066C,0x5610
0x066D,0x5610
0x066E,0x5760
0x066F,0x58D0
0x0670,0x5960
0x0671,0x5840
0x0672,0x55C0
0x0673,0x52F0
0x0674,0x51A0
0x0675,0x5260
0x0676,0x5650
0x0677,0x5CE0
0x0678,0x64D0
0x0679,0x6C60
0x067A,0x71A0
0x067B,0x72D0
0x067C,0x6F70
0x067D,0x6890
0x067E,0x5FD0
0x067F,0x57D0
0x0680,0x51F0
0x0681,0x4FE0
0x0682,0x5180
0x0683,0x5610
0x0684,0x5C50
0x0685,0x6270
0x0686,0x66B0
0x0687,0x67B0
0x0688,0x6540
0x0689,0x5FF0
0x068A,0x5940
0x068B,0x5280
0x068C,0x4D20
0x068D,0x49C0
0x068E,0x4870
0x068F,0x4820
0x0690,0x4820
0x0691,0x4790
0x0692,0x4620
0x0693,0x4410
0x0694,0x4150
0x0695,0x3DC0
0x0696,0x3A40
0x0697,0x3680
0x0698,0x3360
0x0699,0x31A0
0x069A,0x31A0
0x069B,0x3390
0x069C,0x36C0
0x069D,0x3A70
0x069E,0x3D30
0x069F,0x3DF0
0x06A0,0x3CA0
0x06A1,0x3920
0x06A2,0x3400
0x06A3,0x2DE0
0x06A4,0x2770
0x06A5,0x2190
0x06A6,0x1C70
0x06A7,0x17D0
0x06A8,0x13E0
0x06A9,0x1180
0x06AA,0x12B0
0x06AB,0x1880
0x06AC,0x23C0
0x06AD,0x32F0
0x06AE,0x4580
0x06AF,0x59D0
0x06B0,0x6FA0
0x06B1,0x85D0
0x06B2,0x9B40
0x06B3,0xAF50
0x06B4,0xC120
0x06B5,0xCEE0
0x06B6,0xD8D0
0x06B7,0xDEA0
0x06B8,0xE090
0x06B9,0xDF10
0x06BA,0xDA90
0x06BB,0xD500
0x06BC,0xCF00
0x06BD,0xCAC0
0x06BE,0xC9C0
0x06BF,0xCC60
0x06C0,0xD2F0
0x06C1,0xDCC0
0x06C2,0xE820
0x06C3,0xF280
0x06C4,0xF960
0x06C5,0xFB90
0x06C6,0xF8F0
0x06C7,0xF260
0x06C8,0xEA00
0x06C9,0xE100
0x06CA,0xD7F0
0x06CB,0xCF90
0x06CC,0xC800
0x06CD,0xC140
0x06CE,0xBB20
0x06CF,0xB590
0x06D0,0xB0A0
0x06D1,0xAC10
0x06D2,0xA870
0x06D3,0xA5D0
0x06D4,0xA450
0x06D5,0xA3E0
0x06D6,0xA4A0
0x06D7,0xA680
0x06D8,0xA9E0
0x06D9,0xAE40
0x06DA,0xB360
0x06DB,0xB8A0
0x06DC,0xBDA0
0x06DD,0xC1B0
0x06DE,0xC3A0
0x06DF,0xC290
0x06E0,0xBE10
0x06E1,0xB5E0
0x06E2,0xAB60
0x06E3,0x9F60
0x06E4,0x9340
0x06E5,0x8820
0x06E6,0x7E10
0x06E7,0x74B0
0x06E8,0x6C90
0x06E9,0x6560
0x06EA,0x5ED0
0x06EB,0x58B0
0x06EC,0x52B0
0x06ED,0x4D00
0x06EE,0x4850
0x06EF,0x4540
0x06F0,0x43F0
0x06F1,0x43F0
0x06F2,0x44F0
0x06F3,0x4660
0x06F4,0x4720
0x06F5,0x45D0
0x06F6,0x4190
0x06F7,0x39B0
0x06F8,0x2FA0
0x06F9,0x2540
0x06FA,0x1D10
0x06FB,0x1880
0x06FC,0x1860
0x06FD,0x1CC0
0x06FE,0x24F0
0x06FF,0x2F50
0x0700,0x3AB0
0x0701,0x4430
0x0702,0x4BD0
0x0703,0x50C0
0x0704,0x53B0
0x0705,0x5650
0x0706,0x59D0
0x0707,0x5FD0
0x0708,0x6820
0x0709,0x7210
0x070A,0x7BC0
0x070B,0x8410
0x070C,0x8A50
0x070D,0x8E40
0x070E,0x8FC0
0x070F,0x8F90
0x0710,0x8E90
0x0711,0x8D90
0x0712,0x8CB0
0x0713,0x8C10
0x0714,0x8C40
0x0715,0x8D20
0x0716,0x8E70
0x0717,0x8F90
0x0718,0x90A0
0x0719,0x9080
0x071A,0x8F20
0x071B,0x8BF0
0x071C,0x86D0
0x071D,0x8020
0x071E,0x7880
0x071F,0x7080
0x0720,0x68E0
0x0721,0x6270
0x0722,0x5E60
0x0723,0x5CC0
0x0724,0x5D50
0x0725,0x5F40
0x0726,0x6090
0x0727,0x6020
0x0728,0x5DF0
0x0729,0x5B90
0x072A,0x5BE0
0x072B,0x6090
0x072C,0x6A80
0x072D,0x77F0
0x072E,0x8640
0x072F,0x92D0
0x0730,0x9B90
0x0731,0x9F60
0x0732,0x9EA0
0x0733,0x9A90
0x0734,0x9520
0x0735,0x9080
0x0736,0x8DB0
0x0737,0x8E00
0x0738,0x91F0
0x0739,0x9910
0x073A,0xA3A0
0x073B,0xAF90
0x073C,0xBBB0
0x073D,0xC680
0x073E,0xCF00
0x073F,0xD440
0x0740,0xD6A0
0x0741,0xD670
0x0742,0xD440
0x0743,0xCFE0
0x0744,0xC9C0
0x0745,0xC1E0
0x0746,0xB940
0x0747,0xB0A0
0x0748,0xA870
0x0749,0xA0D0
0x074A,0x9960
0x074B,0x91A0
0x074C,0x88E0
0x074D,0x8090
0x074E,0x7A70
0x074F,0x7860
0x0750,0x7C70
0x0751,0x8720
0x0752,0x9730
0x0753,0xAA10
0x0754,0xBC90
0x0755,0xCBA0
0x0756,0xD570
0x0757,0xD960
0x0758,0xD780
0x0759,0xD050
0x075A,0xC510
0x075B,0xB6C0
0x075C,0xA720
0x075D,0x97C0
0x075E,0x89E0
0x075F,0x7E10
0x0760,0x73D0
0x0761,0x6B60
0x0762,0x6480
0x0763,0x5F80
0x0764,0x5D10
0x0765,0x5CC0
0x0766,0x5ED0
0x0767,0x62C0
0x0768,0x67E0
0x0769,0x6D70
0x076A,0x7360
0x076B,0x7A00
0x076C,0x8120
0x076D,0x8950
0x076E,0x91A0
0x076F,0x99B0
0x0770,0x9FB0
0x0771,0xA2C0
0x0772,0xA170
0x0773,0x9C30
0x0774,0x93B0
0x0775,0x8970
0x0776,0x7F40
0x0777,0x7670
0x0778,0x6FE0
0x0779,0x6BF0
0x077A,0x69E0
0x077B,0x68E0
0x077C,0x6800
0x077D,0x65F0
0x077E,0x62C0
0x077F,0x5EA0
0x0780,0x5B00
0x0781,0x58D0
0x0782,0x58D0
0x0783,0x5C00
0x0784,0x6250
0x0785,0x6AC0
0x0786,0x73B0
0x0787,0x7A90
0x0788,0x7EA0
0x0789,0x7F40
0x078A,0x7D30
0x078B,0x7860
0x078C,0x7280
0x078D,0x6C90
0x078E,0x6850
0x078F,0x65F0
0x0790,0x6620
0x0791,0x6820
0x0792,0x6B60
0x0793,0x6F50
0x0794,0x72B0
0x0795,0x7490
0x0796,0x7420
0x0797,0x7130
0x0798,0x6C10
0x0799,0x6660
0x079A,0x6200
0x079B,0x6090
0x079C,0x61E0
0x079D,0x64A0
0x079E,0x6700
0x079F,0x67B0
0x07A0,0x65F0
0x07A1,0x6230
0x07A2,0x5C50
0x07A3,0x5570
0x07A4,0x4E00
0x07A5,0x4790
0x07A6,0x42E0
0x07A7,0x4040
0x07A8,0x3F60
0x07A9,0x4020
0x07AA,0x4230
0x07AB,0x4540
0x07AC,0x48E0
0x07AD,0x4BF0
0x07AE,0x4E00
0x07AF,0x4D90
0x07B0,0x4B40
0x07B1,0x4720
0x07B2,0x41C0
0x07B3,0x3AB0
0x07B4,0x32F0
0x07B5,0x2AD0
0x07B6,0x2350
0x07B7,0x1D10
0x07B8,0x1920
0x07B9,0x17F0
0x07BA,0x19B0
0x07BB,0x1DF0
0x07BC,0x2580
0x07BD,0x3030
0x07BE,0x3E80
0x07BF,0x5160
0x07C0,0x67E0
0x07C1,0x80D0
0x07C2,0x99F0
0x07C3,0xB0C0
0x07C4,0xC290
0x07C5,0xCE40
0x07C6,0xD400
0x07C7,0xD490
0x07C8,0xD230
0x07C9,0xCEE0
0x07CA,0xCC10
0x07CB,0xCAF0
0x07CC,0xCC80
0x07CD,0xD130
0x07CE,0xD810
0x07CF,0xDFB0
0x07D0,0xE660
0x07D1,0xEB80
0x07D2,0xEEE0
0x07D3,0xF070
0x07D4,0xF0E0
0x07D5,0xEFE0
0x07D6,0xEDB0
0x07D7,0xEA80
0x07D8,0xE610
0x07D9,0xE100
0x07DA,0xDB00
0x07DB,0xD420
0x07DC,0xCCF0
0x07DD,0xC560
0x07DE,0xBDA0
0x07DF,0xB520
0x07E0,0xACB0
0x07E1,0xA480
0x07E2,0x9D50
0x07E3,0x97C0
0x07E4,0x9490
0x07E5,0x93B0
0x07E6,0x94B0
0x07E7,0x96E0
0x07E8,0x99B0
0x07E9,0x9D50
0x07EA,0xA170
0x07EB,0xA530
0x07EC,0xA800
0x07ED,0xA930
0x07EE,0xA890
0x07EF,0xA660
0x07F0,0xA300
0x07F1,0x9E60
0x07F2,0x9810
0x07F3,0x9080
0x07F4,0x8790
0x07F5,0x7DF0
0x07F6,0x7420
0x07F7,0x6AF0
0x07F8,0x6200
0x07F9,0x5A20
0x07FA,0x5320
0x07FB,0x4D20
0x07FC,0x4890
0x07FD,0x4560
0x07FE,0x43C0
0x07FF,0x43A0
0x0800,0xA9A0
0x0801,0xA350
0x0802,0x9EF0
0x0803,0x9C50
0x0804,0x9AB0
0x0805,0x9960
0x0806,0x9750
0x0807,0x9590
0x0808,0x9500
0x0809,0x9670
0x080A,0x9A90
0x080B,0xA120
0x080C,0xA8C0
0x080D,0xAFC0
0x080E,0xB340
0x080F,0xB240
0x0810,0xAC80
0x0811,0xA370
0x0812,0x98A0
0x0813,0x8DB0
0x0814,0x83C0
0x0815,0x7AE0
0x0816,0x7340
0x0817,0x6D20
0x0818,0x6870
0x0819,0x6540
0x081A,0x63F0
0x081B,0x63C0
0x081C,0x63A0
0x081D,0x6200
0x081E,0x5ED0
0x081F,0x59D0
0x0820,0x5320
0x0821,0x4C20
0x0822,0x4560
0x0823,0x3F40
0x0824,0x3A20
0x0825,0x3570
0x0826,0x3180
0x0827,0x2D70
0x0828,0x2930
0x0829,0x2430
0x082A,0x1EB0
0x082B,0x18D0
0x082C,0x1390
0x082D,0x1050
0x082E,0x10A0
0x082F,0x14E0
0x0830,0x1CA0
0x0831,0x2660
0x0832,0x3050
0x0833,0x3920
0x0834,0x3FD0
0x0835,0x44D0
0x0836,0x4890
0x0837,0x4C60
0x0838,0x5110
0x0839,0x5730
0x083A,0x5EA0
0x083B,0x66D0
0x083C,0x6F00
0x083D,0x7600
0x083E,0x7B70
0x083F,0x7F10
0x0840,0x8120
0x0841,0x8270
0x0842,0x8370
0x0843,0x84A0
0x0844,0x86D0
0x0845,0x89E0
0x0846,0x8EB0
0x0847,0x9520
0x0848,0x9C30
0x0849,0xA290
0x084A,0xA720
0x084B,0xA900
0x084C,0xA7E0
0x084D,0xA370
0x084E,0x9B90
0x084F,0x90A0
0x0850,0x8410
0x0851,0x77A0
0x0852,0x6CD0
0x0853,0x64D0
0x0854,0x5FF0
0x0855,0x5E80
0x0856,0x5FD0
0x0857,0x6350
0x0858,0x67B0
0x0859,0x6BF0
0x085A,0x6F50
0x085B,0x71A0
0x085C,0x7340
0x085D,0x7520
0x085E,0x77F0
0x085F,0x7BC0
0x0860,0x8090
0x0861,0x8580
0x0862,0x8970
0x0863,0x8CB0
0x0864,0x8EB0
0x0865,0x9030
0x0866,0x90C0
0x0867,0x90F0
0x0868,0x9130
0x0869,0x92D0
0x086A,0x9650
0x086B,0x9CA0
0x086C,0xA5D0
0x086D,0xB180
0x086E,0xBEA0
0x086F,0xCB60
0x0870,0xD600
0x0871,0xDD70
0x0872,0xE100
0x0873,0xE020
0x0874,0xDB00
0x0875,0xD1A0
0x0876,0xC510
0x0877,0xB710
0x0878,0xA8E0
0x0879,0x9CC0
0x087A,0x9420
0x087B,0x8F70
0x087C,0x8F00
0x087D,0x9130
0x087E,0x9500
0x087F,0x9910
0x0880,0x9C50
0x0881,0x9F10
0x0882,0xA1E0
0x0883,0xA560
0x0884,0xA9E0
0x0885,0xAF70
0x0886,0xB500
0x0887,0xBA20
0x0888,0xBE30
0x0889,0xC0D0
0x088A,0xC100
0x088B,0xBE30
0x088C,0xB7A0
0x088D,0xACD0
0x088E,0x9E80
0x088F,0x8E40
0x0890,0x7E60
0x0891,0x70C0
0x0892,0x66D0
0x0893,0x6150
0x0894,0x5FB0
0x0895,0x6090
0x0896,0x62A0
0x0897,0x6430
0x0898,0x64F0
0x0899,0x64D0
0x089A,0x6460
0x089B,0x6510
0x089C,0x67E0
0x089D,0x6DB0
0x089E,0x75E0
0x089F,0x7FD0
0x08A0,0x8A50
0x08A1,0x93B0
0x08A2,0x9A40
0x08A3,0x9CC0
0x08A4,0x9A60
0x08A5,0x9400
0x08A6,0x8AC0
0x08A7,0x8090
0x08A8,0x7730
0x08A9,0x6F70
0x08AA,0x69C0
0x08AB,0x65D0
0x08AC,0x6350
0x08AD,0x6230
0x08AE,0x61C0
0x08AF,0x61E0
0x08B0,0x61E0
0x08B1,0x61C0
0x08B2,0x6100
0x08B3,0x6060
0x08B4,0x6040
0x08B5,0x60B0
0x08B6,0x6250
0x08B7,0x6540
0x08B8,0x6970
0x08B9,0x6EC0
0x08BA,0x7470
0x08BB,0x7920
0x08BC,0x7C00
0x08BD,0x7C00
0x08BE,0x78F0
0x08BF,0x7400
0x08C0,0x6E50
0x08C1,0x69A0
0x08C2,0x66B0
0x08C3,0x6660
0x08C4,0x6820
0x08C5,0x6B80
0x08C6,0x6EE0
0x08C7,0x7180
0x08C8,0x7280
0x08C9,0x7240
0x08CA,0x7160
0x08CB,0x70A0
0x08CC,0x7030
0x08CD,0x7030
0x08CE,0x70A0
0x08CF,0x70F0
0x08D0,0x7030
0x08D1,0x6D90
0x08D2,0x68C0
0x08D3,0x6270
0x08D4,0x5B90
0x08D5,0x5520
0x08D6,0x50A0
0x08D7,0x4F00
0x08D8,0x5050
0x08D9,0x5440
0x08DA,0x5A00
0x08DB,0x6090
0x08DC,0x6740
0x08DD,0x6D00
0x08DE,0x7050
0x08DF,0x7010
0x08E0,0x6B60
0x08E1,0x6250
0x08E2,0x5570
0x08E3,0x45B0
0x08E4,0x34E0
0x08E5,0x24F0
0x08E6,0x17F0
0x08E7,0x0F00
0x08E8,0x0AD0
0x08E9,0x0B10
0x08EA,0x0FE0
0x08EB,0x1860
0x08EC,0x23C0
0x08ED,0x30A0
0x08EE,0x3E10
0x08EF,0x4B40
0x08F0,0x5760
0x08F1,0x62A0
0x08F2,0x6CB0
0x08F3,0x7600
0x08F4,0x7F10
0x08F5,0x87B0
0x08F6,0x9030
0x08F7,0x97C0
0x08F8,0x9ED0
0x08F9,0xA530
0x08FA,0xAB60
0x08FB,0xB110
0x08FC,0xB630
0x08FD,0xBB20
0x08FE,0xBFB0
0x08FF,0xC430
0x0900,0xC950
0x0901,0xCF70
0x0902,0xD6C0
0x0903,0xDEC0
0x0904,0xE660
0x0905,0xEB80
0x0906,0xECF0
0x0907,0xEAF0
0x0908,0xE610
0x0909,0xE040
0x090A,0xDA40
0x090B,0xD490
0x090C,0xCEE0
0x090D,0xC840
0x090E,0xC020
0x090F,0xB650
0x0910,0xAB60
0x0911,0xA100
0x0912,0x9830
0x0913,0x9210
0x0914,0x8F00
0x0915,0x8E00
0x0916,0x8F20
0x0917,0x91F0
0x0918,0x95E0
0x0919,0x9AB0
0x091A,0x9FF0
0x091B,0xA510
0x091C,0xA9A0
0x091D,0xACB0
0x091E,0xAE20
0x091F,0xAD60
0x0920,0xA9E0
0x0921,0xA3A0
0x0922,0x9A90
0x0923,0x8FE0
0x0924,0x8540
0x0925,0x7CA0
0x0926,0x7710
0x0927,0x7470
0x0928,0x7420
0x0929,0x7470
0x092A,0x7420
0x092B,0x71D0
0x092C,0x6D70
0x092D,0x6720
0x092E,0x6040
0x092F,0x5AB0
0x0930,0x56F0
0x0931,0x5500
0x0932,0x5390
0x0933,0x5130
0x0934,0x4D40
0x0935,0x47B0
0x0936,0x4040
0x0937,0x3780
0x0938,0x2E50
0x0939,0x25D0
0x093A,0x1EF0
0x093B,0x1A70
0x093C,0x1880
0x093D,0x1920
0x093E,0x1B90
0x093F,0x1F60
0x0940,0x23A0
0x0941,0x27E0
0x0942,0x2C20
0x0943,0x3050
0x0944,0x3470
0x0945,0x38D0
0x0946,0x3E30
0x0947,0x44A0
0x0948,0x4CD0
0x0949,0x5610
0x094A,0x5F60
0x094B,0x6820
0x094C,0x6FC0
0x094D,0x7550
0x094E,0x7880
0x094F,0x79B0
0x0950,0x7920
0x0951,0x7840
0x0952,0x78D0
0x0953,0x7BC0
0x0954,0x81B0
0x0955,0x8AF0
0x0956,0x9630
0x0957,0xA1B0
0x0958,0xAB80
0x0959,0xB180
0x095A,0xB340
0x095B,0xB050
0x095C,0xAA10
0x095D,0xA1B0
0x095E,0x9860
0x095F,0x8F50
0x0960,0x87B0
0x0961,0x8190
0x0962,0x7DA0
0x0963,0x7AB0
0x0964,0x78B0
0x0965,0x76A0
0x0966,0x7470
0x0967,0x71F0
0x0968,0x6FA0
0x0969,0x6E00
0x096A,0x6DB0
0x096B,0x6F50
0x096C,0x72D0
0x096D,0x77F0
0x096E,0x7DC0
0x096F,0x8300
0x0970,0x8770
0x0971,0x8A10
0x0972,0x8B60
0x0973,0x8BA0
0x0974,0x8AF0
0x0975,0x89A0
0x0976,0x87E0
0x0977,0x8690
0x0978,0x8720
0x0979,0x8AF0
0x097A,0x9320
0x097B,0x9F40
0x097C,0xAE00
0x097D,0xBD50
0x097E,0xCB10
0x097F,0xD5C0
0x0980,0xDC00
0x0981,0xDDA0
0x0982,0xDB40
0x0983,0xD5C0
0x0984,0xCDB0
0x0985,0xC410
0x0986,0xBA20
0x0987,0xB0E0
0x0988,0xA8E0
0x0989,0xA250
0x098A,0x9D80
0x098B,0x9A40
0x098C,0x97C0
0x098D,0x95C0
0x098E,0x9400
0x098F,0x92D0
0x0990,0x92F0
0x0991,0x9550
0x0992,0x99B0
0x0993,0xA0B0
0x0994,0xA950
0x0995,0xB2F0
0x0996,0xBB90
0x0997,0xC250
0x0998,0xC5A0
0x0999,0xC510
0x099A,0xC040
0x099B,0xB7A0
0x099C,0xAC60
0x099D,0xA0D0
0x099E,0x9630
0x099F,0x8D40
0x09A0,0x85F0
0x09A1,0x7FB0
0x09A2,0x79B0
0x09A3,0x7400
0x09A4,0x6E00
0x09A5,0x6800
0x09A6,0x6250
0x09A7,0x5DF0
0x09A8,0x5BC0
0x09A9,0x5CA0
0x09AA,0x6020
0x09AB,0x65D0
0x09AC,0x6D40
0x09AD,0x7570
0x09AE,0x7DC0
0x09AF,0x85B0
0x09B0,0x8CD0
0x09B1,0x9280
0x09B2,0x9630
0x09B3,0x9730
0x09B4,0x9500
0x09B5,0x9000
0x09B6,0x8930
0x09B7,0x8190
0x09B8,0x7AB0
0x09B9,0x7590
0x09BA,0x7320
0x09BB,0x72D0
0x09BC,0x7390
0x09BD,0x73B0
0x09BE,0x7210
0x09BF,0x6E20
0x09C0,0x6900
0x09C1,0x63A0
0x09C2,0x5F80
0x09C3,0x5DA0
0x09C4,0x5F40
0x09C5,0x63F0
0x09C6,0x6AC0
0x09C7,0x7210
0x09C8,0x7840
0x09C9,0x7C50
0x09CA,0x7D50
0x09CB,0x7BC0
0x09CC,0x7840
0x09CD,0x7470
0x09CE,0x7160
0x09CF,0x7010
0x09D0,0x7050
0x09D1,0x7160
0x09D2,0x7240
0x09D3,0x72D0
0x09D4,0x72B0
0x09D5,0x7260
0x09D6,0x7260
0x09D7,0x72D0
0x09D8,0x73D0
0x09D9,0x7500
0x09DA,0x76A0
0x09DB,0x7860
0x09DC,0x7A70
0x09DD,0x7C50
0x09DE,0x7CA0
0x09DF,0x7AB0
0x09E0,0x75C0
0x09E1,0x6E70
0x09E2,0x65B0
0x09E3,0x5CC0
0x09E4,0x5550
0x09E5,0x5030
0x09E6,0x4E90
0x09E7,0x50F0
0x09E8,0x56F0
0x09E9,0x5F60
0x09EA,0x68E0
0x09EB,0x7210
0x09EC,0x7920
0x09ED,0x7CA0
0x09EE,0x7B70
0x09EF,0x7570
0x09F0,0x6B60
0x09F1,0x5EA0
0x09F2,0x50C0
0x09F3,0x42A0
0x09F4,0x3500
0x09F5,0x28E0
0x09F6,0x1E80
0x09F7,0x16C0
0x09F8,0x1290
0x09F9,0x1210
0x09FA,0x1550
0x09FB,0x1B70
0x09FC,0x2380
0x09FD,0x2BB0
0x09FE,0x33D0
0x09FF,0x3C50
0x0A00,0xA9A0
0x0A01,0xA350
0x0A02,0x9EF0
0x0A03,0x9C50
0x0A04,0x9AB0
0x0A05,0x9960
0x0A06,0x9750
0x0A07,0x9590
0x0A08,0x9500
0x0A09,0x9670
0x0A0A,0x9A90
0x0A0B,0xA120
0x0A0C,0xA8C0
0x0A0D,0xAFC0
0x0A0E,0xB340
0x0A0F,0xB240
0x0A10,0xAC80
0x0A11,0xA370
0x0A12,0x98A0
0x0A13,0x8DB0
0x0A14,0x83C0
0x0A15,0x7AE0
0x0A16,0x7340
0x0A17,0x6D20
0x0A18,0x6870
0x0A19,0x6540
0x0A1A,0x63F0
0x0A1B,0x63C0
0x0A1C,0x63A0
0x0A1D,0x6200
0x0A1E,0x5ED0
0x0A1F,0x59D0
0x0A20,0x5320
0x0A21,0x4C20
0x0A22,0x4560
0x0A23,0x3F40
0x0A24,0x3A20
0x0A25,0x3570
0x0A26,0x3180
0x0A27,0x2D70
0x0A28,0x2930
0x0A29,0x2430
0x0A2A,0x1EB0
0x0A2B,0x18D0
0x0A2C,0x1390
0x0A2D,0x1050
0x0A2E,0x10A0
0x0A2F,0x14E0
0x0A30,0x1CA0
0x0A31,0x2660
0x0A32,0x3050
0x0A33,0x3920
0x0A34,0x3FD0
0x0A35,0x44D0
0x0A36,0x4890
0x0A37,0x4C60
0x0A38,0x5110
0x0A39,0x5730
0x0A3A,0x5EA0
0x0A3B,0x66D0
0x0A3C,0x6F00
0x0A3D,0x7600
0x0A3E,0x7B70
0x0A3F,0x7F10
0x0A40,0x8120
0x0A41,0x8270
0x0A42,0x8370
0x0A43,0x84A0
0x0A44,0x86D0
0x0A45,0x89E0
0x0A46,0x8EB0
0x0A47,0x9520
0x0A48,0x9C30
0x0A49,0xA290
0x0A4A,0xA720
0x0A4B,0xA900
0x0A4C,0xA7E0
0x0A4D,0xA370
0x0A4E,0x9B90
0x0A4F,0x90A0
0x0A50,0x8410
0x0A51,0x77A0
0x0A52,0x6CD0
0x0A53,0x64D0
0x0A54,0x5FF0
0x0A55,0x5E80
0x0A56,0x5FD0
0x0A57,0x6350
0x0A58,0x67B0
0x0A59,0x6BF0
0x0A5A,0x6F50
0x0A5B,0x71A0
0x0A5C,0x7340
0x0A5D,0x7520
0x0A5E,0x77F0
0x0A5F,0x7BC0
0x0A60,0x8090
0x0A61,0x8580
0x0A62,0x8970
0x0A63,0x8CB0
0x0A64,0x8EB0
0x0A65,0x9030
0x0A66,0x90C0
0x0A67,0x90F0
0x0A68,0x9130
0x0A69,0x92D0
0x0A6A,0x9650
0x0A6B,0x9CA0
0x0A6C,0xA5D0
0x0A6D,0xB180
0x0A6E,0xBEA0
0x0A6F,0xCB60
0x0A70,0xD600
0x0A71,0xDD70
0x0A72,0xE100
0x0A73,0xE020
0x0A74,0xDB00
0x0A75,0xD1A0
0x0A76,0xC510
0x0A77,0xB710
0x0A78,0xA8E0
0x0A79,0x9CC0
0x0A7A,0x9420
0x0A7B,0x8F70
0x0A7C,0x8F00
0x0A7D,0x9130
0x0A7E,0x9500
0x0A7F,0x9910
0x0A80,0x9C50
0x0A81,0x9F10
0x0A82,0xA1E0
0x0A83,0xA560
0x0A84,0xA9E0
0x0A85,0xAF70
0x0A86,0xB500
0x0A87,0xBA20
0x0A88,0xBE30
0x0A89,0xC0D0
0x0A8A,0xC100
0x0A8B,0xBE30
0x0A8C,0xB7A0
0x0A8D,0xACD0
0x0A8E,0x9E80
0x0A8F,0x8E40
0x0A90,0x7E60
0x0A91,0x70C0
0x0A92,0x66D0
0x0A93,0x6150
0x0A94,0x5FB0
0x0A95,0x6090
0x0A96,0x62A0
0x0A97,0x6430
0x0A98,0x64F0
0x0A99,0x64D0
0x0A9A,0x6460
0x0A9B,0x6510
0x0A9C,0x67E0
0x0A9D,0x6DB0
0x0A9E,0x75E0
0x0A9F,0x7FD0
0x0AA0,0x8A50
0x0AA1,0x93B0
0x0AA2,0x9A40
0x0AA3,0x9CC0
0x0AA4,0x9A60
0x0AA5,0x9400
0x0AA6,0x8AC0
0x0AA7,0x8090
0x0AA8,0x7730
0x0AA9,0x6F70
0x0AAA,0x69C0
0x0AAB,0x65D0
0x0AAC,0x6350
0x0AAD,0x6230
0x0AAE,0x61C0
0x0AAF,0x61E0
0x0AB0,0x61E0
0x0AB1,0x61C0
0x0AB2,0x6100
0x0AB3,0x6060
0x0AB4,0x6040
0x0AB5,0x60B0
0x0AB6,0x6250
0x0AB7,0x6540
0x0AB8,0x6970
0x0AB9,0x6EC0
0x0ABA,0x7470
0x0ABB,0x7920
0x0ABC,0x7C00
0x0ABD,0x7C00
0x0ABE,0x78F0
0x0ABF,0x7400
0x0AC0,0x6E50
0x0AC1,0x69A0
0x0AC2,0x66B0
0x0AC3,0x6660
0x0AC4,0x6820
0x0AC5,0x6B80
0x0AC6,0x6EE0
0x0AC7,0x7180
0x0AC8,0x7280
0x0AC9,0x7240
0x0ACA,0x7160
0x0ACB,0x70A0
0x0ACC,0x7030
0x0ACD,0x7030
0x0ACE,0x70A0
0x0ACF,0x70F0
0x0AD0,0x7030
0x0AD1,0x6D90
0x0AD2,0x68C0
0x0AD3,0x6270
0x0AD4,0x5B90
0x0AD5,0x5520
0x0AD6,0x50A0
0x0AD7,0x4F00
0x0AD8,0x5050
0x0AD9,0x5440
0x0ADA,0x5A00
0x0ADB,0x6090
0x0ADC,0x6740
0x0ADD,0x6D00
0x0ADE,0x7050
0x0ADF,0x7010
0x0AE0,0x6B60
0x0AE1,0x6250
0x0AE2,0x5570
0x0AE3,0x45B0
0x0AE4,0x34E0
0x0AE5,0x24F0
0x0AE6,0x17F0
0x0AE7,0x0F00
0x0AE8,0x0AD0
0x0AE9,0x0B10
0x0AEA,0x0FE0
0x0AEB,0x1860
0x0AEC,0x23C0
0x0AED,0x30A0
0x0AEE,0x3E10
0x0AEF,0x4B40
0x0AF0,0x5760
0x0AF1,0x62A0
0x0AF2,0x6CB0
0x0AF3,0x7600
0x0AF4,0x7F10
0x0AF5,0x87B0
0x0AF6,0x9030
0x0AF7,0x97C0
0x0AF8,0x9ED0
0x0AF9,0xA530
0x0AFA,0xAB60
0x0AFB,0xB110
0x0AFC,0xB630
0x0AFD,0xBB20
0x0AFE,0xBFB0
0x0AFF,0xC430
0x0B00,0xC950
0x0B01,0xCF70
0x0B02,0xD6C0
0x0B03,0xDEC0
0x0B04,0xE660
0x0B05,0xEB80
0x0B06,0xECF0
0x0B07,0xEAF0
0x0B08,0xE610
0x0B09,0xE040
0x0B0A,0xDA40
0x0B0B,0xD490
0x0B0C,0xCEE0
0x0B0D,0xC840
0x0B0E,0xC020
0x0B0F,0xB650
0x0B10,0xAB60
0x0B11,0xA100
0x0B12,0x9830
0x0B13,0x9210
0x0B14,0x8F00
0x0B15,0x8E00
0x0B16,0x8F20
0x0B17,0x91F0
0x0B18,0x95E0
0x0B19,0x9AB0
0x0B1A,0x9FF0
0x0B1B,0xA510
0x0B1C,0xA9A0
0x0B1D,0xACB0
0x0B1E,0xAE20
0x0B1F,0xAD60
0x0B20,0xA9E0
0x0B21,0xA3A0
0x0B22,0x9A90
0x0B23,0x8FE0
0x0B24,0x8540
0x0B25,0x7CA0
0x0B26,0x7710
0x0B27,0x7470
0x0B28,0x7420
0x0B29,0x7470
0x0B2A,0x7420
0x0B2B,0x71D0
0x0B2C,0x6D70
0x0B2D,0x6720
0x0B2E,0x6040
0x0B2F,0x5AB0
0x0B30,0x56F0
0x0B31,0x5500
0x0B32,0x5390
0x0B33,0x5130
0x0B34,0x4D40
0x0B35,0x47B0
0x0B36,0x4040
0x0B37,0x3780
0x0B38,0x2E50
0x0B39,0x25D0
0x0B3A,0x1EF0
0x0B3B,0x1A70
0x0B3C,0x1880
0x0B3D,0x1920
0x0B3E,0x1B90
0x0B3F,0x1F60
0x0B40,0x23A0
0x0B41,0x27E0
0x0B42,0x2C20
0x0B43,0x3050
0x0B44,0x3470
0x0B45,0x38D0
0x0B46,0x3E30
0x0B47,0x44A0
0x0B48,0x4CD0
0x0B49,0x5610
0x0B4A,0x5F60
0x0B4B,0x6820
0x0B4C,0x6FC0
0x0B4D,0x7550
0x0B4E,0x7880
0x0B4F,0x79B0
0x0B50,0x7920
0x0B51,0x7840
0x0B52,0x78D0
0x0B53,0x7BC0
0x0B54,0x81B0
0x0B55,0x8AF0
0x0B56,0x9630
0x0B57,0xA1B0
0x0B58,0xAB80
0x0B59,0xB180
0x0B5A,0xB340
0x0B5B,0xB050
0x0B5C,0xAA10
0x0B5D,0xA1B0
0x0B5E,0x9860
0x0B5F,0x8F50
0x0B60,0x87B0
0x0B61,0x8190
0x0B62,0x7DA0
0x0B63,0x7AB0
0x0B64,0x78B0
0x0B65,0x76A0
0x0B66,0x7470
0x0B67,0x71F0
0x0B68,0x6FA0
0x0B69,0x6E00
0x0B6A,0x6DB0
0x0B6B,0x6F50
0x0B6C,0x72D0
0x0B6D,0x77F0
0x0B6E,0x7DC0
0x0B6F,0x8300
0x0B70,0x8770
0x0B71,0x8A10
0x0B72,0x8B60
0x0B73,0x8BA0
0x0B74,0x8AF0
0x0B75,0x89A0
0x0B76,0x87E0
0x0B77,0x8690
0x0B78,0x8720
0x0B79,0x8AF0
0x0B7A,0x9320
0x0B7B,0x9F40
0x0B7C,0xAE00
0x0B7D,0xBD50
0x0B7E,0xCB10
0x0B7F,0xD5C0
0x0B80,0xDC00
0x0B81,0xDDA0
0x0B82,0xDB40
0x0B83,0xD5C0
0x0B84,0xCDB0
0x0B85,0xC410
0x0B86,0xBA20
0x0B87,0xB0E0
0x0B88,0xA8E0
0x0B89,0xA250
0x0B8A,0x9D80
0x0B8B,0x9A40
0x0B8C,0x97C0
0x0B8D,0x95C0
0x0B8E,0x9400
0x0B8F,0x92D0
0x0B90,0x92F0
0x0B91,0x9550
0x0B92,0x99B0
0x0B93,0xA0B0
0x0B94,0xA950
0x0B95,0xB2F0
0x0B96,0xBB90
0x0B97,0xC250
0x0B98,0xC5A0
0x0B99,0xC510
0x0B9A,0xC040
0x0B9B,0xB7A0
0x0B9C,0xAC60
0x0B9D,0xA0D0
0x0B9E,0x9630
0x0B9F,0x8D40
0x0BA0,0x85F0
0x0BA1,0x7FB0
0x0BA2,0x79B0
0x0BA3,0x7400
0x0BA4,0x6E00
0x0BA5,0x6800
0x0BA6,0x6250
0x0BA7,0x5DF0
0x0BA8,0x5BC0
0x0BA9,0x5CA0
0x0BAA,0x6020
0x0BAB,0x65D0
0x0BAC,0x6D40
0x0BAD,0x7570
0x0BAE,0x7DC0
0x0BAF,0x85B0
0x0BB0,0x8CD0
0x0BB1,0x9280
0x0BB2,0x9630
0x0BB3,0x9730
0x0BB4,0x9500
0x0BB5,0x9000
0x0BB6,0x8930
0x0BB7,0x8190
0x0BB8,0x7AB0
0x0BB9,0x7590
0x0BBA,0x7320
0x0BBB,0x72D0
0x0BBC,0x7390
0x0BBD,0x73B0
0x0BBE,0x7210
0x0BBF,0x6E20
0x0BC0,0x6900
0x0BC1,0x63A0
0x0BC2,0x5F80
0x0BC3,0x5DA0
0x0BC4,0x5F40
0x0BC5,0x63F0
0x0BC6,0x6AC0
0x0BC7,0x7210
0x0BC8,0x7840
0x0BC9,0x7C50
0x0BCA,0x7D50
0x0BCB,0x7BC0
0x0BCC,0x7840
0x0BCD,0x7470
0x0BCE,0x7160
0x0BCF,0x7010
0x0BD0,0x7050
0x0BD1,0x7160
0x0BD2,0x7240
0x0BD3,0x72D0
0x0BD4,0x72B0
0x0BD5,0x7260
0x0BD6,0x7260
0x0BD7,0x72D0
0x0BD8,0x73D0
0x0BD9,0x7500
0x0BDA,0x76A0
0x0BDB,0x7860
0x0BDC,0x7A70
0x0BDD,0x7C50
0x0BDE,0x7CA0
0x0BDF,0x7AB0
0x0BE0,0x75C0
0x0BE1,0x6E70
0x0BE2,0x65B0
0x0BE3,0x5CC0
0x0BE4,0x5550
0x0BE5,0x5030
0x0BE6,0x4E90
0x0BE7,0x50F0
0x0BE8,0x56F0
0x0BE9,0x5F60
0x0BEA,0x68E0
0x0BEB,0x7210
0x0BEC,0x7920
0x0BED,0x7CA0
0x0BEE,0x7B70
0x0BEF,0x7570
0x0BF0,0x6B60
0x0BF1,0x5EA0
0x0BF2,0x50C0
0x0BF3,0x42A0
0x0BF4,0x3500
0x0BF5,0x28E0
0x0BF6,0x1E80
0x0BF7,0x16C0
0x0BF8,0x1290
0x0BF9,0x1210
0x0BFA,0x1550
0x0BFB,0x1B70
0x0BFC,0x2380
0x0BFD,0x2BB0
0x0BFE,0x33D0
0x0BFF,0x3C50
0x0C00,0x6D00
0x0C01,0x6230
0x0C02,0x5A20
0x0C03,0x55C0
0x0C04,0x5590
0x0C05,0x5940
0x0C06,0x5FD0
0x0C07,0x67B0
0x0C08,0x6F50
0x0C09,0x7570
0x0C0A,0x7960
0x0C0B,0x7B20
0x0C0C,0x7B00
0x0C0D,0x79D0
0x0C0E,0x7780
0x0C0F,0x73D0
0x0C10,0x6E70
0x0C11,0x6660
0x0C12,0x5C50
0x0C13,0x5010
0x0C14,0x42C0
0x0C15,0x35C0
0x0C16,0x2A60
0x0C17,0x2190
0x0C18,0x1BC0
0x0C19,0x18B0
0x0C1A,0x17D0
0x0C1B,0x1860
0x0C1C,0x1A40
0x0C1D,0x1DD0
0x0C1E,0x2310
0x0C1F,0x2A30
0x0C20,0x3280
0x0C21,0x3B50
0x0C22,0x43C0
0x0C23,0x4BD0
0x0C24,0x5320
0x0C25,0x5A20
0x0C26,0x6150
0x0C27,0x6890
0x0C28,0x7030
0x0C29,0x7730
0x0C2A,0x7E10
0x0C2B,0x8510
0x0C2C,0x8C40
0x0C2D,0x9340
0x0C2E,0x99F0
0x0C2F,0xA040
0x0C30,0xA680
0x0C31,0xAD60
0x0C32,0xB520
0x0C33,0xBDF0
0x0C34,0xC760
0x0C35,0xD110
0x0C36,0xD9F0
0x0C37,0xE0B0
0x0C38,0xE410
0x0C39,0xE3C0
0x0C3A,0xE020
0x0C3B,0xD9B0
0x0C3C,0xD130
0x0C3D,0xC7D0
0x0C3E,0xBE80
0x0C3F,0xB5C0
0x0C40,0xAE20
0x0C41,0xA800
0x0C42,0xA3C0
0x0C43,0xA190
0x0C44,0xA100
0x0C45,0xA120
0x0C46,0xA0D0
0x0C47,0x9FD0
0x0C48,0x9EA0
0x0C49,0x9E60
0x0C4A,0x9F40
0x0C4B,0xA1B0
0x0C4C,0xA510
0x0C4D,0xA890
0x0C4E,0xAB10
0x0C4F,0xABD0
0x0C50,0xAA30
0x0C51,0xA660
0x0C52,0xA120
0x0C53,0x9B00
0x0C54,0x9500
0x0C55,0x8FC0
0x0C56,0x8BF0
0x0C57,0x89E0
0x0C58,0x8970
0x0C59,0x89E0
0x0C5A,0x8AA0
0x0C5B,0x8AC0
0x0C5C,0x88E0
0x0C5D,0x84A0
0x0C5E,0x7E30
0x0C5F,0x7670
0x0C60,0x6E90
0x0C61,0x6800
0x0C62,0x63A0
0x0C63,0x6100
0x0C64,0x5FD0
0x0C65,0x5F10
0x0C66,0x5DA0
0x0C67,0x5A70
0x0C68,0x5500
0x0C69,0x4D90
0x0C6A,0x4480
0x0C6B,0x3AB0
0x0C6C,0x3110
0x0C6D,0x2930
0x0C6E,0x23A0
0x0C6F,0x21C0
0x0C70,0x23A0
0x0C71,0x2890
0x0C72,0x2FE0
0x0C73,0x3810
0x0C74,0x3FD0
0x0C75,0x45F0
0x0C76,0x4930
0x0C77,0x49E0
0x0C78,0x48E0
0x0C79,0x4740
0x0C7A,0x46B0
0x0C7B,0x4800
0x0C7C,0x4C20
0x0C7D,0x5280
0x0C7E,0x5AB0
0x0C7F,0x63A0
0x0C80,0x6C10
0x0C81,0x73D0
0x0C82,0x7AB0
0x0C83,0x8100
0x0C84,0x8660
0x0C85,0x8BA0
0x0C86,0x90C0
0x0C87,0x9630
0x0C88,0x9BE0
0x0C89,0xA170
0x0C8A,0xA660
0x0C8B,0xAA50
0x0C8C,0xAC80
0x0C8D,0xACB0
0x0C8E,0xAA10
0x0C8F,0xA480
0x0C90,0x9C50
0x0C91,0x92D0
0x0C92,0x8890
0x0C93,0x7F40
0x0C94,0x77A0
0x0C95,0x7320
0x0C96,0x7280
0x0C97,0x75C0
0x0C98,0x7B70
0x0C99,0x8220
0x0C9A,0x87B0
0x0C9B,0x89E0
0x0C9C,0x8800
0x0C9D,0x8250
0x0C9E,0x7A20
0x0C9F,0x71D0
0x0CA0,0x6BA0
0x0CA1,0x6870
0x0CA2,0x6870
0x0CA3,0x6B30
0x0CA4,0x6F70
0x0CA5,0x7420
0x0CA6,0x7860
0x0CA7,0x7BE0
0x0CA8,0x7F80
0x0CA9,0x8450
0x0CAA,0x8B30
0x0CAB,0x9400
0x0CAC,0x9E80
0x0CAD,0xA9E0
0x0CAE,0xB520
0x0CAF,0xBF80
0x0CB0,0xC760
0x0CB1,0xCCB0
0x0CB2,0xCE90
0x0CB3,0xCD90
0x0CB4,0xCA30
0x0CB5,0xC510
0x0CB6,0xBE30
0x0CB7,0xB600
0x0CB8,0xACF0
0x0CB9,0xA3A0
0x0CBA,0x9B70
0x0CBB,0x9550
0x0CBC,0x9210
0x0CBD,0x9240
0x0CBE,0x9520
0x0CBF,0x9980
0x0CC0,0x9DF0
0x0CC1,0xA190
0x0CC2,0xA370
0x0CC3,0xA430
0x0CC4,0xA510
0x0CC5,0xA700
0x0CC6,0xAB10
0x0CC7,0xB0A0
0x0CC8,0xB710
0x0CC9,0xBCC0
0x0CCA,0xC0B0
0x0CCB,0xC1E0
0x0CCC,0xBFF0
0x0CCD,0xBA90
0x0CCE,0xB1F0
0x0CCF,0xA640
0x0CD0,0x99B0
0x0CD1,0x8DD0
0x0CD2,0x83E0
0x0CD3,0x7CA0
0x0CD4,0x77D0
0x0CD5,0x74B0
0x0CD6,0x7320
0x0CD7,0x7280
0x0CD8,0x72D0
0x0CD9,0x7360
0x0CDA,0x74E0
0x0CDB,0x76E0
0x0CDC,0x7A00
0x0CDD,0x7DF0
0x0CDE,0x82C0
0x0CDF,0x8850
0x0CE0,0x8EE0
0x0CE1,0x95E0
0x0CE2,0x9CA0
0x0CE3,0xA1B0
0x0CE4,0xA450
0x0CE5,0xA410
0x0CE6,0xA060
0x0CE7,0x9B00
0x0CE8,0x94B0
0x0CE9,0x8F90
0x0CEA,0x8C10
0x0CEB,0x89E0
0x0CEC,0x8820
0x0CED,0x85F0
0x0CEE,0x8290
0x0CEF,0x7ED0
0x0CF0,0x7B00
0x0CF1,0x7810
0x0CF2,0x76A0
0x0CF3,0x7730
0x0CF4,0x7940
0x0CF5,0x7CA0
0x0CF6,0x8090
0x0CF7,0x8510
0x0CF8,0x8970
0x0CF9,0x8CB0
0x0CFA,0x8E70
0x0CFB,0x8E20
0x0CFC,0x8B80
0x0CFD,0x8720
0x0CFE,0x8170
0x0CFF,0x7B20
0x0D00,0x7570
0x0D01,0x71D0
0x0D02,0x70A0
0x0D03,0x72B0
0x0D04,0x77F0
0x0D05,0x7FD0
0x0D06,0x8970
0x0D07,0x9280
0x0D08,0x9960
0x0D09,0x9CA0
0x0D0A,0x9B70
0x0D0B,0x9650
0x0D0C,0x8E00
0x0D0D,0x8410
0x0D0E,0x7AB0
0x0D0F,0x7280
0x0D10,0x6C10
0x0D11,0x6740
0x0D12,0x6330
0x0D13,0x6060
0x0D14,0x5F80
0x0D15,0x6090
0x0D16,0x63A0
0x0D17,0x6870
0x0D18,0x6E70
0x0D19,0x7490
0x0D1A,0x7990
0x0D1B,0x7D30
0x0D1C,0x7ED0
0x0D1D,0x7E80
0x0D1E,0x7C00
0x0D1F,0x7750
0x0D20,0x7080
0x0D21,0x67B0
0x0D22,0x5D80
0x0D23,0x5280
0x0D24,0x4700
0x0D25,0x3BE0
0x0D26,0x31A0
0x0D27,0x28E0
0x0D28,0x2200
0x0D29,0x1D10
0x0D2A,0x1A00
0x0D2B,0x1940
0x0D2C,0x1A70
0x0D2D,0x1D50
0x0D2E,0x2190
0x0D2F,0x25F0
0x0D30,0x2A80
0x0D31,0x2F50
0x0D32,0x3500
0x0D33,0x3C30
0x0D34,0x44A0
0x0D35,0x4DE0
0x0D36,0x56F0
0x0D37,0x5EA0
0x0D38,0x6510
0x0D39,0x6AA0
0x0D3A,0x6FC0
0x0D3B,0x7500
0x0D3C,0x7A70
0x0D3D,0x8090
0x0D3E,0x8770
0x0D3F,0x8F70
0x0D40,0x98A0
0x0D41,0xA350
0x0D42,0xAEB0
0x0D43,0xBA60
0x0D44,0xC580
0x0D45,0xCF00
0x0D46,0xD5C0
0x0D47,0xD980
0x0D48,0xDA60
0x0D49,0xD940
0x0D4A,0xD670
0x0D4B,0xD2A0
0x0D4C,0xCD90
0x0D4D,0xC7B0
0x0D4E,0xC140
0x0D4F,0xBAD0
0x0D50,0xB4B0
0x0D51,0xAF50
0x0D52,0xAB30
0x0D53,0xA7B0
0x0D54,0xA4A0
0x0D55,0xA250
0x0D56,0xA0B0
0x0D57,0xA020
0x0D58,0xA100
0x0D59,0xA370
0x0D5A,0xA6D0
0x0D5B,0xAA50
0x0D5C,0xACF0
0x0D5D,0xADD0
0x0D5E,0xACD0
0x0D5F,0xA9A0
0x0D60,0xA530
0x0D61,0xA0B0
0x0D62,0x9C70
0x0D63,0x9980
0x0D64,0x97C0
0x0D65,0x9780
0x0D66,0x9810
0x0D67,0x98F0
0x0D68,0x98D0
0x0D69,0x9750
0x0D6A,0x9470
0x0D6B,0x9050
0x0D6C,0x8B60
0x0D6D,0x85B0
0x0D6E,0x7FF0
0x0D6F,0x7B00
0x0D70,0x7780
0x0D71,0x7570
0x0D72,0x74B0
0x0D73,0x74B0
0x0D74,0x7440
0x0D75,0x7260
0x0D76,0x6DE0
0x0D77,0x6620
0x0D78,0x5B90
0x0D79,0x4F50
0x0D7A,0x42E0
0x0D7B,0x38D0
0x0D7C,0x31F0
0x0D7D,0x2F00
0x0D7E,0x2F70
0x0D7F,0x32B0
0x0D80,0x36C0
0x0D81,0x3B50
0x0D82,0x3EF0
0x0D83,0x4170
0x0D84,0x4270
0x0D85,0x4200
0x0D86,0x40B0
0x0D87,0x3FB0
0x0D88,0x3FD0
0x0D89,0x41E0
0x0D8A,0x45B0
0x0D8B,0x4AA0
0x0D8C,0x5080
0x0D8D,0x56C0
0x0D8E,0x5D10
0x0D8F,0x6310
0x0D90,0x6850
0x0D91,0x6D40
0x0D92,0x71D0
0x0D93,0x7650
0x0D94,0x7B70
0x0D95,0x8190
0x0D96,0x8970
0x0D97,0x9360
0x0D98,0x9E80
0x0D99,0xA9A0
0x0D9A,0xB260
0x0D9B,0xB6C0
0x0D9C,0xB5C0
0x0D9D,0xAF90
0x0D9E,0xA580
0x0D9F,0x9A40
0x0DA0,0x8F90
0x0DA1,0x8790
0x0DA2,0x8350
0x0DA3,0x82C0
0x0DA4,0x84C0
0x0DA5,0x8870
0x0DA6,0x8BA0
0x0DA7,0x8D40
0x0DA8,0x8C60
0x0DA9,0x89C0
0x0DAA,0x85F0
0x0DAB,0x81B0
0x0DAC,0x7DC0
0x0DAD,0x7A90
0x0DAE,0x77F0
0x0DAF,0x75E0
0x0DB0,0x7420
0x0DB1,0x7240
0x0DB2,0x7030
0x0DB3,0x6E20
0x0DB4,0x6CD0
0x0DB5,0x6D20
0x0DB6,0x6F70
0x0DB7,0x7320
0x0DB8,0x7840
0x0DB9,0x7EA0
0x0DBA,0x86B0
0x0DBB,0x9080
0x0DBC,0x9C00
0x0DBD,0xA8C0
0x0DBE,0xB500
0x0DBF,0xC020
0x0DC0,0xC840
0x0DC1,0xCCD0
0x0DC2,0xCD20
0x0DC3,0xCA10
0x0DC4,0xC450
0x0DC5,0xBD30
0x0DC6,0xB5C0
0x0DC7,0xAEE0
0x0DC8,0xA970
0x0DC9,0xA530
0x0DCA,0xA220
0x0DCB,0x9F60
0x0DCC,0x9D10
0x0DCD,0x9A40
0x0DCE,0x9780
0x0DCF,0x94B0
0x0DD0,0x92F0
0x0DD1,0x9340
0x0DD2,0x95E0
0x0DD3,0x9AB0
0x0DD4,0xA100
0x0DD5,0xA820
0x0DD6,0xAF00
0x0DD7,0xB4E0
0x0DD8,0xB910
0x0DD9,0xBC00
0x0DDA,0xBD30
0x0DDB,0xBC70
0x0DDC,0xB940
0x0DDD,0xB3B0
0x0DDE,0xAC40
0x0DDF,0xA3C0
0x0DE0,0x9B40
0x0DE1,0x9390
0x0DE2,0x8C80
0x0DE3,0x8660
0x0DE4,0x80D0
0x0DE5,0x7B90
0x0DE6,0x76A0
0x0DE7,0x7260
0x0DE8,0x6FC0
0x0DE9,0x6F50
0x0DEA,0x70F0
0x0DEB,0x7490
0x0DEC,0x79D0
0x0DED,0x7FB0
0x0DEE,0x8560
0x0DEF,0x8AC0
0x0DF0,0x8FE0
0x0DF1,0x94B0
0x0DF2,0x9940
0x0DF3,0x9D30
0x0DF4,0x9FD0
0x0DF5,0xA0B0
0x0DF6,0x9FD0
0x0DF7,0x9DA0
0x0DF8,0x9A60
0x0DF9,0x96A0
0x0DFA,0x9280
0x0DFB,0x8E20
0x0DFC,0x89C0
0x0DFD,0x8580
0x0DFE,0x8190
0x0DFF,0x7E30
0x0E00,0x6D00
0x0E01,0x6230
0x0E02,0x5A20
0x0E03,0x55C0
0x0E04,0x5590
0x0E05,0x5940
0x0E06,0x5FD0
0x0E07,0x67B0
0x0E08,0x6F50
0x0E09,0x7570
0x0E0A,0x7960
0x0E0B,0x7B20
0x0E0C,0x7B00
0x0E0D,0x79D0
0x0E0E,0x7780
0x0E0F,0x73D0
0x0E10,0x6E70
0x0E11,0x6660
0x0E12,0x5C50
0x0E13,0x5010
0x0E14,0x42C0
0x0E15,0x35C0
0x0E16,0x2A60
0x0E17,0x2190
0x0E18,0x1BC0
0x0E19,0x18B0
0x0E1A,0x17D0
0x0E1B,0x1860
0x0E1C,0x1A40
0x0E1D,0x1DD0
0x0E1E,0x2310
0x0E1F,0x2A30
0x0E20,0x3280
0x0E21,0x3B50
0x0E22,0x43C0
0x0E23,0x4BD0
0x0E24,0x5320
0x0E25,0x5A20
0x0E26,0x6150
0x0E27,0x6890
0x0E28,0x7030
0x0E29,0x7730
0x0E2A,0x7E10
0x0E2B,0x8510
0x0E2C,0x8C40
0x0E2D,0x9340
0x0E2E,0x99F0
0x0E2F,0xA040
0x0E30,0xA680
0x0E31,0xAD60
0x0E32,0xB520
0x0E33,0xBDF0
0x0E34,0xC760
0x0E35,0xD110
0x0E36,0xD9F0
0x0E37,0xE0B0
0x0E38,0xE410
0x0E39,0xE3C0
0x0E3A,0xE020
0x0E3B,0xD9B0
0x0E3C,0xD130
0x0E3D,0xC7D0
0x0E3E,0xBE80
0x0E3F,0xB5C0
0x0E40,0xAE20
0x0E41,0xA800
0x0E42,0xA3C0
0x0E43,0xA190
0x0E44,0xA100
0x0E45,0xA120
0x0E46,0xA0D0
0x0E47,0x9FD0
0x0E48,0x9EA0
0x0E49,0x9E60
0x0E4A,0x9F40
0x0E4B,0xA1B0
0x0E4C,0xA510
0x0E4D,0xA890
0x0E4E,0xAB10
0x0E4F,0xABD0
0x0E50,0xAA30
0x0E51,0xA660
0x0E52,0xA120
0x0E53,0x9B00
0x0E54,0x9500
0x0E55,0x8FC0
0x0E56,0x8BF0
0x0E57,0x89E0
0x0E58,0x8970
0x0E59,0x89E0
0x0E5A,0x8AA0
0x0E5B,0x8AC0
0x0E5C,0x88E0
0x0E5D,0x84A0
0x0E5E,0x7E30
0x0E5F,0x7670
0x0E60,0x6E90
0x0E61,0x6800
0x0E62,0x63A0
0x0E63,0x6100
0x0E64,0x5FD0
0x0E65,0x5F10
0x0E66,0x5DA0
0x0E67,0x5A70
0x0E68,0x5500
0x0E69,0x4D90
0x0E6A,0x4480
0x0E6B,0x3AB0
0x0E6C,0x3110
0x0E6D,0x2930
0x0E6E,0x23A0
0x0E6F,0x21C0
0x0E70,0x23A0
0x0E71,0x2890
0x0E72,0x2FE0
0x0E73,0x3810
0x0E74,0x3FD0
0x0E75,0x45F0
0x0E76,0x4930
0x0E77,0x49E0
0x0E78,0x48E0
0x0E79,0x4740
0x0E7A,0x46B0
0x0E7B,0x4800
0x0E7C,0x4C20
0x0E7D,0x5280
0x0E7E,0x5AB0
0x0E7F,0x63A0
0x0E80,0x6C10
0x0E81,0x73D0
0x0E82,0x7AB0
0x0E83,0x8100
0x0E84,0x8660
0x0E85,0x8BA0
0x0E86,0x90C0
0x0E87,0x9630
0x0E88,0x9BE0
0x0E89,0xA170
0x0E8A,0xA660
0x0E8B,0xAA50
0x0E8C,0xAC80
0x0E8D,0xACB0
0x0E8E,0xAA10
0x0E8F,0xA480
0x0E90,0x9C50
0x0E91,0x92D0
0x0E92,0x8890
0x0E93,0x7F40
0x0E94,0x77A0
0x0E95,0x7320
0x0E96,0x7280
0x0E97,0x75C0
0x0E98,0x7B70
0x0E99,0x8220
0x0E9A,0x87B0
0x0E9B,0x89E0
0x0E9C,0x8800
0x0E9D,0x8250
0x0E9E,0x7A20
0x0E9F,0x71D0
0x0EA0,0x6BA0
0x0EA1,0x6870
0x0EA2,0x6870
0x0EA3,0x6B30
0x0EA4,0x6F70
0x0EA5,0x7420
0x0EA6,0x7860
0x0EA7,0x7BE0
0x0EA8,0x7F80
0x0EA9,0x8450
0x0EAA,0x8B30
0x0EAB,0x9400
0x0EAC,0x9E80
0x0EAD,0xA9E0
0x0EAE,0xB520
0x0EAF,0xBF80
0x0EB0,0xC760
0x0EB1,0xCCB0
0x0EB2,0xCE90
0x0EB3,0xCD90
0x0EB4,0xCA30
0x0EB5,0xC510
0x0EB6,0xBE30
0x0EB7,0xB600
0x0EB8,0xACF0
0x0EB9,0xA3A0
0x0EBA,0x9B70
0x0EBB,0x9550
0x0EBC,0x9210
0x0EBD,0x9240
0x0EBE,0x9520
0x0EBF,0x9980
0x0EC0,0x9DF0
0x0EC1,0xA190
0x0EC2,0xA370
0x0EC3,0xA430
0x0EC4,0xA510
0x0EC5,0xA700
0x0EC6,0xAB10
0x0EC7,0xB0A0
0x0EC8,0xB710
0x0EC9,0xBCC0
0x0ECA,0xC0B0
0x0ECB,0xC1E0
0x0ECC,0xBFF0
0x0ECD,0xBA90
0x0ECE,0xB1F0
0x0ECF,0xA640
0x0ED0,0x99B0
0x0ED1,0x8DD0
0x0ED2,0x83E0
0x0ED3,0x7CA0
0x0ED4,0x77D0
0x0ED5,0x74B0
0x0ED6,0x7320
0x0ED7,0x7280
0x0ED8,0x72D0
0x0ED9,0x7360
0x0EDA,0x74E0
0x0EDB,0x76E0
0x0EDC,0x7A00
0x0EDD,0x7DF0
0x0EDE,0x82C0
0x0EDF,0x8850
0x0EE0,0x8EE0
0x0EE1,0x95E0
0x0EE2,0x9CA0
0x0EE3,0xA1B0
0x0EE4,0xA450
0x0EE5,0xA410
0x0EE6,0xA060
0x0EE7,0x9B00
0x0EE8,0x94B0
0x0EE9,0x8F90
0x0EEA,0x8C10
0x0EEB,0x89E0
0x0EEC,0x8820
0x0EED,0x85F0
0x0EEE,0x8290
0x0EEF,0x7ED0
0x0EF0,0x7B00
0x0EF1,0x7810
0x0EF2,0x76A0
0x0EF3,0x7730
0x0EF4,0x7940
0x0EF5,0x7CA0
0x0EF6,0x8090
0x0EF7,0x8510
0x0EF8,0x8970
0x0EF9,0x8CB0
0x0EFA,0x8E70
0x0EFB,0x8E20
0x0EFC,0x8B80
0x0EFD,0x8720
0x0EFE,0x8170
0x0EFF,0x7B20
0x0F00,0x7570
0x0F01,0x71D0
0x0F02,0x70A0
0x0F03,0x72B0
0x0F04,0x77F0
0x0F05,0x7FD0
0x0F06,0x8970
0x0F07,0x9280
0x0F08,0x9960
0x0F09,0x9CA0
0x0F0A,0x9B70
0x0F0B,0x9650
0x0F0C,0x8E00
0x0F0D,0x8410
0x0F0E,0x7AB0
0x0F0F,0x7280
0x0F10,0x6C10
0x0F11,0x6740
0x0F12,0x6330
0x0F13,0x6060
0x0F14,0x5F80
0x0F15,0x6090
0x0F16,0x63A0
0x0F17,0x6870
0x0F18,0x6E70
0x0F19,0x7490
0x0F1A,0x7990
0x0F1B,0x7D30
0x0F1C,0x7ED0
0x0F1D,0x7E80
0x0F1E,0x7C00
0x0F1F,0x7750
0x0F20,0x7080
0x0F21,0x67B0
0x0F22,0x5D80
0x0F23,0x5280
0x0F24,0x4700
0x0F25,0x3BE0
0x0F26,0x31A0
0x0F27,0x28E0
0x0F28,0x2200
0x0F29,0x1D10
0x0F2A,0x1A00
0x0F2B,0x1940
0x0F2C,0x1A70
0x0F2D,0x1D50
0x0F2E,0x2190
0x0F2F,0x25F0
0x0F30,0x2A80
0x0F31,0x2F50
0x0F32,0x3500
0x0F33,0x3C30
0x0F34,0x44A0
0x0F35,0x4DE0
0x0F36,0x56F0
0x0F37,0x5EA0
0x0F38,0x6510
0x0F39,0x6AA0
0x0F3A,0x6FC0
0x0F3B,0x7500
0x0F3C,0x7A70
0x0F3D,0x8090
0x0F3E,0x8770
0x0F3F,0x8F70
0x0F40,0x98A0
0x0F41,0xA350
0x0F42,0xAEB0
0x0F43,0xBA60
0x0F44,0xC580
0x0F45,0xCF00
0x0F46,0xD5C0
0x0F47,0xD980
0x0F48,0xDA60
0x0F49,0xD940
0x0F4A,0xD670
0x0F4B,0xD2A0
0x0F4C,0xCD90
0x0F4D,0xC7B0
0x0F4E,0xC140
0x0F4F,0xBAD0
0x0F50,0xB4B0
0x0F51,0xAF50
0x0F52,0xAB30
0x0F53,0xA7B0
0x0F54,0xA4A0
0x0F55,0xA250
0x0F56,0xA0B0
0x0F57,0xA020
0x0F58,0xA100
0x0F59,0xA370
0x0F5A,0xA6D0
0x0F5B,0xAA50
0x0F5C,0xACF0
0x0F5D,0xADD0
0x0F5E,0xACD0
0x0F5F,0xA9A0
0x0F60,0xA530
0x0F61,0xA0B0
0x0F62,0x9C70
0x0F63,0x9980
0x0F64,0x97C0
0x0F65,0x9780
0x0F66,0x9810
0x0F67,0x98F0
0x0F68,0x98D0
0x0F69,0x9750
0x0F6A,0x9470
0x0F6B,0x9050
0x0F6C,0x8B60
0x0F6D,0x85B0
0x0F6E,0x7FF0
0x0F6F,0x7B00
0x0F70,0x7780
0x0F71,0x7570
0x0F72,0x74B0
0x0F73,0x74B0
0x0F74,0x7440
0x0F75,0x7260
0x0F76,0x6DE0
0x0F77,0x6620
0x0F78,0x5B90
0x0F79,0x4F50
0x0F7A,0x42E0
0x0F7B,0x38D0
0x0F7C,0x31F0
0x0F7D,0x2F00
0x0F7E,0x2F70
0x0F7F,0x32B0
0x0F80,0x36C0
0x0F81,0x3B50
0x0F82,0x3EF0
0x0F83,0x4170
0x0F84,0x4270
0x0F85,0x4200
0x0F86,0x40B0
0x0F87,0x3FB0
0x0F88,0x3FD0
0x0F89,0x41E0
0x0F8A,0x45B0
0x0F8B,0x4AA0
0x0F8C,0x5080
0x0F8D,0x56C0
0x0F8E,0x5D10
0x0F8F,0x6310
0x0F90,0x6850
0x0F91,0x6D40
0x0F92,0x71D0
0x0F93,0x7650
0x0F94,0x7B70
0x0F95,0x8190
0x0F96,0x8970
0x0F97,0x9360
0x0F98,0x9E80
0x0F99,0xA9A0
0x0F9A,0xB260
0x0F9B,0xB6C0
0x0F9C,0xB5C0
0x0F9D,0xAF90
0x0F9E,0xA580
0x0F9F,0x9A40
0x0FA0,0x8F90
0x0FA1,0x8790
0x0FA2,0x8350
0x0FA3,0x82C0
0x0FA4,0x84C0
0x0FA5,0x8870
0x0FA6,0x8BA0
0x0FA7,0x8D40
0x0FA8,0x8C60
0x0FA9,0x89C0
0x0FAA,0x85F0
0x0FAB,0x81B0
0x0FAC,0x7DC0
0x0FAD,0x7A90
0x0FAE,0x77F0
0x0FAF,0x75E0
0x0FB0,0x7420
0x0FB1,0x7240
0x0FB2,0x7030
0x0FB3,0x6E20
0x0FB4,0x6CD0
0x0FB5,0x6D20
0x0FB6,0x6F70
0x0FB7,0x7320
0x0FB8,0x7840
0x0FB9,0x7EA0
0x0FBA,0x86B0
0x0FBB,0x9080
0x0FBC,0x9C00
0x0FBD,0xA8C0
0x0FBE,0xB500
0x0FBF,0xC020
0x0FC0,0xC840
0x0FC1,0xCCD0
0x0FC2,0xCD20
0x0FC3,0xCA10
0x0FC4,0xC450
0x0FC5,0xBD30
0x0FC6,0xB5C0
0x0FC7,0xAEE0
0x0FC8,0xA970
0x0FC9,0xA530
0x0FCA,0xA220
0x0FCB,0x9F60
0x0FCC,0x9D10
0x0FCD,0x9A40
0x0FCE,0x9780
0x0FCF,0x94B0
0x0FD0,0x92F0
0x0FD1,0x9340
0x0FD2,0x95E0
0x0FD3,0x9AB0
0x0FD4,0xA100
0x0FD5,0xA820
0x0FD6,0xAF00
0x0FD7,0xB4E0
0x0FD8,0xB910
0x0FD9,0xBC00
0x0FDA,0xBD30
0x0FDB,0xBC70
0x0FDC,0xB940
0x0FDD,0xB3B0
0x0FDE,0xAC40
0x0FDF,0xA3C0
0x0FE0,0x9B40
0x0FE1,0x9390
0x0FE2,0x8C80
0x0FE3,0x8660
0x0FE4,0x80D0
0x0FE5,0x7B90
0x0FE6,0x76A0
0x0FE7,0x7260
0x0FE8,0x6FC0
0x0FE9,0x6F50
0x0FEA,0x70F0
0x0FEB,0x7490
0x0FEC,0x79D0
0x0FED,0x7FB0
0x0FEE,0x8560
0x0FEF,0x8AC0
0x0FF0,0x8FE0
0x0FF1,0x94B0
0x0FF2,0x9940
0x0FF3,0x9D30
0x0FF4,0x9FD0
0x0FF5,0xA0B0
0x0FF6,0x9FD0
0x0FF7,0x9DA0
0x0FF8,0x9A60
0x0FF9,0x96A0
0x0FFA,0x9280
0x0FFB,0x8E20
0x0FFC,0x89C0
0x0FFD,0x8580
0x0FFE,0x8190
0x0FFF,0x7E30
